�S���n�������c�̃R�[�h,�s���{����,�s�撬����,�W�v���__�N����,�j��,���ʂ̊����Ґ�
330001,���R��,���R�s,2020/3/22,��,1
330001,���R��,,2020/3/23,��,
330001,���R��,,2020/3/24,��,
330001,���R��,,2020/3/25,��,
330001,���R��,,2020/3/26,��,
330001,���R��,������,2020/3/27,��,1
330001,���R��,���R�s,2020/3/28,�y,1
330001,���R��,,2020/3/29,��,
330001,���R��,�ʖ�s,2020/3/30,��,1
330001,���R��,,2020/3/31,��,
330001,���R��,������,2020/4/1,��,1
330001,���R��,�������A������,2020/4/2,��,2
330001,���R��,���R�s�A���R�s,2020/4/3,��,2
330001,���R��,���R�s,2020/4/4,�y,1
330001,���R��,���R�s,2020/4/5,��,1
330001,���R��,,2020/4/6,��,
330001,���R��,���R�s,2020/4/7,��,1
330001,���R��,�����s�A���R�s,2020/4/8,��,2
330001,���R��,���R�s,2020/4/9,��,1
330001,���R��,,2020/4/10,��,
330001,���R��,,2020/4/11,�y,
330001,���R��,,2020/4/12,��,
330001,���R��,,2020/4/13,��,
330001,���R��,���R�s,2020/4/14,��,1
330001,���R��,,2020/4/15,��,
330001,���R��,���R�s,2020/4/16,��,1
330001,���R��,���R�s,2020/4/17,��,1
330001,���R��,,2020/4/18,�y,
330001,���R��,���R�s,2020/4/19,��,1
330001,���R��,,2020/4/20,��,
330001,���R��,,2020/4/21,��,
330001,���R��,,2020/4/22,��,
330001,���R��,,2020/4/23,��,
330001,���R��,���R�s�A�ÎR�s,2020/4/24,��,2
330001,���R��,,2020/4/25,�y,
330001,���R��,�ÎR�s,2020/4/26,��,1
330001,���R��,,2020/4/27,��,
330001,���R��,,2020/4/28,��,
330001,���R��,���R�s,2020/4/29,��,1
330001,���R��,,2020/4/30,��,
330001,���R��,,2020/5/1,��,
330001,���R��,,2020/5/2,�y,
330001,���R��,,2020/5/3,��,
330001,���R��,,2020/5/4,��,
330001,���R��,,2020/5/5,��,
330001,���R��,,2020/5/6,��,
330001,���R��,,2020/5/7,��,
330001,���R��,�q�~�s,2020/5/8,��,1
330001,���R��,,2020/5/9,�y,
330001,���R��,,2020/5/10,��,
330001,���R��,����,2020/5/11,��,1
330001,���R��,,2020/5/12,��,
330001,���R��,,2020/5/13,��,
330001,���R��,,2020/5/14,��,
330001,���R��,,2020/5/15,��,
330001,���R��,,2020/5/16,�y,
330001,���R��,,2020/5/17,��,
330001,���R��,,2020/5/18,��,
330001,���R��,,2020/5/19,��,
330001,���R��,,2020/5/20,��,
330001,���R��,,2020/5/21,��,
330001,���R��,,2020/5/22,��,
330001,���R��,,2020/5/23,�y,
330001,���R��,,2020/5/24,��,
330001,���R��,,2020/5/25,��,
330001,���R��,,2020/5/26,��,
330001,���R��,,2020/5/27,��,
330001,���R��,,2020/5/28,��,
330001,���R��,,2020/5/29,��,
330001,���R��,,2020/5/30,�y,
330001,���R��,,2020/5/31,��,
330001,���R��,,2020/6/1,��,
330001,���R��,,2020/6/2,��,
330001,���R��,,2020/6/3,��,
330001,���R��,,2020/6/4,��,
330001,���R��,,2020/6/5,��,
330001,���R��,,2020/6/6,�y,
330001,���R��,,2020/6/7,��,
330001,���R��,,2020/6/8,��,
330001,���R��,,2020/6/9,��,
330001,���R��,,2020/6/10,��,
330001,���R��,,2020/6/11,��,
330001,���R��,,2020/6/12,��,
330001,���R��,,2020/6/13,�y,
330001,���R��,,2020/6/14,��,
330001,���R��,,2020/6/15,��,
330001,���R��,,2020/6/16,��,
330001,���R��,,2020/6/17,��,
330001,���R��,,2020/6/18,��,
330001,���R��,,2020/6/19,��,
330001,���R��,,2020/6/20,�y,
330001,���R��,,2020/6/21,��,
330001,���R��,,2020/6/22,��,
330001,���R��,���R�s,2020/6/23,��,1
330001,���R��,,2020/6/24,��,
330001,���R��,,2020/6/25,��,
330001,���R��,,2020/6/26,��,
330001,���R��,,2020/6/27,�y,
330001,���R��,,2020/6/28,��,
330001,���R��,,2020/6/29,��,
330001,���R��,,2020/6/30,��,
330001,���R��,,2020/7/1,��,
330001,���R��,���R�s�A���R�s,2020/7/2,��,2
330001,���R��,,2020/7/3,��,
330001,���R��,,2020/7/4,�y,
330001,���R��,,2020/7/5,��,
330001,���R��,,2020/7/6,��,
330001,���R��,,2020/7/7,��,
330001,���R��,,2020/7/8,��,
330001,���R��,,2020/7/9,��,
330001,���R��,,2020/7/10,��,
330001,���R��,,2020/7/11,�y,
330001,���R��,,2020/7/12,��,
330001,���R��,,2020/7/13,��,
330001,���R��,���R�s,2020/7/14,��,1
330001,���R��,���R�s,2020/7/15,��,1
330001,���R��,���R�s�A���R�s,2020/7/16,��,2
330001,���R��,���R�s�A�L����,2020/7/17,��,2
330001,���R��,���R�s�A���R�s�A�q�~�s,2020/7/18,�y,3
330001,���R��,���R�s�A���R�s�A���R�s�A���R�s,2020/7/19,��,4
330001,���R��,���R�s�A�q�~�s,2020/7/20,��,2
330001,���R��,���R�s,2020/7/21,��,1
330001,���R��,,2020/7/22,��,
330001,���R��,���R�s,2020/7/23,��,1
330001,���R��,�����s�A�����s�A�Ԕ֎s�A���R�s,2020/7/24,��,4
330001,���R��,�Ԕ֎s�A�Ԕ֎s�A���R�s�A���R�s�A���R�s�A���R�s�A���R�s�A���R�s�A���R�s�A���R�s,2020/7/25,�y,10
330001,���R��,���R�s�A���R�s,2020/7/26,��,2
330001,���R��,���R�s�A���R�s�A���R�s,2020/7/27,��,3
330001,���R��,���R�s�A�q�~�s,2020/7/28,��,2
330001,���R��,���R�s�A���R�s�A���R�s�A���R�s�A�q�~�s,2020/7/29,��,5
330001,���R��,���R�s�A���R�s�A���R�s�A���R�s�A���R�s,2020/7/30,��,5
330001,���R��,���˓��s�A�q�~�s�A���R�s,2020/7/31,��,3
330001,���R��,�q�~�s�A���R�s�A���R�s�A���R�s�A���R�s�A���R�s�A�q�~�s,2020/8/1,�y,7
330001,���R��,����s�A���R�s,2020/8/2,��,2
330001,���R��,���R�s�A���R�s�A���R�s,2020/8/3,��,3
330001,���R��,���R�s�A���R�s�A���R�s,2020/8/4,��,3
330001,���R��,���R�s�A���R�s�A���R�s�A���R�s�A�q�~�s�A�q�~�s�A�q�~�s,2020/8/5,��,7
330001,���R��,���R�s�A���R�s,2020/8/6,��,2
330001,���R��,�Ԕ֎s�A�q�~�s�A�q�~�s�A�q�~�s,2020/8/7,��,4
330001,���R��,�q�~�s�A�q�~�s�A���R�s,2020/8/8,�y,3
330001,���R��,���R�s,2020/8/9,��,1
330001,���R��,���R�s�A���R�s,2020/8/10,��,2
330001,���R��,���R�s�A���R�s,2020/8/11,��,2
330001,���R��,�Ԕ֎s�A���R�s,2020/8/12,��,2
330001,���R��,���R�s�A���R�s,2020/8/13,��,2
330001,���R��,���R�s�A���R�s�A���R�s�A���R�s,2020/8/14,��,4
330001,���R��,�q�~�s�A�q�~�s,2020/8/15,�y,2
330001,���R��,���R�s,2020/8/16,��,1
330001,���R��,,2020/8/17,��,
330001,���R��,���R�s�A���R�s,2020/8/18,��,2
330001,���R��,���R�s,2020/8/19,��,1
330001,���R��,���R�s�A���R�s,2020/8/20,��,2
330001,���R��,�Ԕ֎s�A���R�s,2020/8/21,��,2
330001,���R��,�ÎR�s�A������,2020/8/22,�y,2
330001,���R��,�q�~�s�A�q�~�s�A���R�s,2020/8/23,��,3
330001,���R��,���R�s�A���R�s�A���R�s,2020/8/24,��,3
330001,���R��,�q�~�s,2020/8/25,��,1
330001,���R��,,2020/8/26,��,
330001,���R��,�ʖ�s,2020/8/27,��,1
330001,���R��,�Ԕ֎s�A���R�s,2020/8/28,��,2
330001,���R��,,2020/8/29,�y,
330001,���R��,,2020/8/30,��,
330001,���R��,,2020/8/31,��,
330001,���R��,,2020/9/1,��,
330001,���R��,,2020/9/2,��,
330001,���R��,���R�s,2020/9/3,��,1
330001,���R��,,2020/9/4,��,
330001,���R��,,2020/9/5,�y,
330001,���R��,,2020/9/6,��,
330001,���R��,,2020/9/7,��,
330001,���R��,,2020/9/8,��,
330001,���R��,,2020/9/9,��,
330001,���R��,,2020/9/10,��,
330001,���R��,,2020/9/11,��,
330001,���R��,,2020/9/12,�y,
330001,���R��,,2020/9/13,��,
330001,���R��,���{,2020/9/14,��,1
330001,���R��,,2020/9/15,��,
330001,���R��,,2020/9/16,��,
330001,���R��,,2020/9/17,��,
330001,���R��,���R�s,2020/9/18,��,1
330001,���R��,,2020/9/19,�y,
330001,���R��,,2020/9/20,��,
330001,���R��,,2020/9/21,��,
330001,���R��,,2020/9/22,��,
330001,���R��,,2020/9/23,��,
330001,���R��,���R�s,2020/9/24,��,1
330001,���R��,�q�~�s,2020/9/25,��,1
330001,���R��,���R�s�A���R�s,2020/9/26,�y,2
330001,���R��,�V���s,2020/9/27,��,1
330001,���R��,�V���s,2020/9/28,��,1
330001,���R��,,2020/9/29,��,
330001,���R��,�^��s�A�q�~�s�A�q�~�s,2020/9/30,��,3
330001,���R��,,2020/10/1,��,
330001,���R��,,2020/10/2,��,
330001,���R��,���R�s,2020/10/3,�y,1
330001,���R��,,2020/10/4,��,
330001,���R��,����s,2020/10/5,��,3
330001,���R��,,2020/10/6,��,
330001,���R��,,2020/10/7,��,
330001,���R��,���R�s,2020/10/8,��,1
330001,���R��,���R�s,2020/10/9,��,1
330001,���R��,,2020/10/10,�y,
330001,���R��,,2020/10/11,��,
330001,���R��,,2020/10/12,��,
330001,���R��,���R�s,2020/10/13,��,1
330001,���R��,���R�s�A���R�s�A���R�s�A���R�s,2020/10/14,��,4
330001,���R��,,2020/10/15,��,
330001,���R��,���R�s�A���R�s,2020/10/16,��,2
330001,���R��,���R�s�A���R�s,2020/10/17,�y,2
330001,���R��,���R�s,2020/10/18,��,1
330001,���R��,,2020/10/19,��,
330001,���R��,�ÎR�s,2020/10/20,��,1
330001,���R��,���Ўs�A���Ўs�A���Ўs�A���Ўs�A�ÎR�s�A�ÎR�s�A�ÎR�s�A���R�s�A���R�s�A���R�s�A���R�s,2020/10/21,��,11
330001,���R��,���璬�A���璬�A���璬,2020/10/22,��,3
330001,���R��,�ÎR�s�A�ÎR�s�A���Ўs�A���Ўs�A���Ўs�A���Ўs,2020/10/23,��,6
330001,���R��,�ÎR�s�A�ÎR�s�A����s�A����,2020/10/24,�y,4
330001,���R��,�ÎR�s�A�ÎR�s�A�ÎR�s�A�������A������,2020/10/25,��,5
330001,���R��,�������A�ÎR�s�A�ÎR�s,2020/10/26,��,3
330001,���R��,���Ўs�A���Ўs�A�ÎR�s�A�ÎR�s�A�����A�ÎR�s�A�ÎR�s�A�ÎR�s�A�ÎR�s,2020/10/27,��,9
330001,���R��,���Ўs�A�䌴�s�A�䌴�s�A���쒬�A�V���s�A�V���s�A���璬�A�ÎR�s�A�ÎR�s�A�ÎR�s�A�ÎR�s�A�ÎR�s�A�ÎR�s�A�q�~�s�A���R�s,2020/10/28,��,15
330001,���R��,�������A�������A�������A�ÎR�s�A���璬�A���璬�A���쒬�A�������A�������A�������A�������A�������A�������A�������A�������A�������A�������A����A����A�ދ`���A�ÎR�s�A�ÎR�s�A�ÎR�s�A�ÎR�s�A�ÎR�s�A�ÎR�s�A�ÎR�s�A�ÎR�s�A�ÎR�s�A���璬�A���璬,2020/10/29,��,31
330001,���R��,�ÎR�s�A�^��s�A�ÎR�s�A�ÎR�s�A�ÎR�s�A���Ўs�A�ÎR�s�A�ÎR�s�A�ÎR�s�A�ÎR�s�A�������A�q�~�s,2020/10/30,��,12
330001,���R��,�^��s�A���쒬�A���쒬�A�ÎR�s�A�ÎR�s�A�������A�������A�������A�ދ`���A����\�A����\�A����\�A����\,2020/10/31,�y,13
330001,���R��,���쒬�A�ދ`���A�ÎR�s�A�ÎR�s�A�ÎR�s,2020/11/1,��,5
330001,���R��,,2020/11/2,��,
330001,���R��,�ÎR�s�A�䌴�s�A�䌴�s�A�ÎR�s�A����s�A�������A���璬�A�ÎR�s�A���쒬�A�ÎR�s�A�q�~�s�A�q�~�s,2020/11/3,��,12
330001,���R��,�ÎR�s�A�^��s�A�v�ē쒬�A����s�A�^��s�A���R�s,2020/11/4,��,6
330001,���R��,�ÎR�s�A���R�s�A���R�s�A���R�s�A���R�s�A���R�s,2020/11/5,��,6
330001,���R��,�ÎR�s�A���Ўs�A�ÎR�s�A�ÎR�s�A���R�s�A���R�s�A���R�s�A���R�s,2020/11/6,��,8
330001,���R��,�Ԕ֎s�A�Ԕ֎s�A�ÎR�s�A�ÎR�s�A�ÎR�s�A�ÎR�s�A���R�s�A���R�s�A���R�s,2020/11/7,�y,9
330001,���R��,���쒬�A�������A�������A�ÎR�s�A����s�A�ÎR�s,2020/11/8,��,6
330001,���R��,�^��s�A���R�s,2020/11/9,��,2
330001,���R��,�q�~�s,2020/11/10,��,1
330001,���R��,���Ўs�A���Ўs�A�ÎR�s�A�ÎR�s�A���R�s�A���R�s�A���R�s,2020/11/11,��,7
330001,���R��,�q�~�s�A���R�s�A�����i���R�s�ȊO�j�A���R�s�A���R�s�A���R�s,2020/11/12,��,6
330001,���R��,�q�~�s�A�Ԕ֎s�A�ÎR�s�A���璬�A���R�s�A���R�s�A���R�s�A���R�s�A���R�s�A���R�s�A���R�s�A���R�s�A���R�s,2020/11/13,��,13
330001,���R��,���璬�A���璬�A���璬�A���O�s�A���R�s�A���R�s�A���R�s�A���R�s�A���R�s�A���R�s�A���R�s�A���R�s,2020/11/14,�y,12
330001,���R��,�ÎR�s�A�ÎR�s�A���璬�A���O�s�A�����s�A�q�~�s�A���R�s�A�����A���R�s�A���R�s�A���R�s�A���R�s�A���R�s�A���R�s�A���R�s�A���R�s�A���R�s,2020/11/15,��,17
330001,���R��,���R�s�A���R�s�A���R�s,2020/11/16,��,3
330001,���R��,�q�~�s�A���R�s�A���R�s�A���R�s�A���R�s�A���R�s�A���R�s,2020/11/17,��,7
330001,���R��,�ÎR�s�A�q�~�s�A�q�~�s�A�q�~�s�A���R�s�A���R�s�A���R�s�A���R�s�A���R�s�A���R�s�A���R�s�A���R�s�A���R�s�A���R�s�A���R�s�A���R�s�A���R�s�A���R�s�A���R�s�A���R�s�A���R�s�A���R�s�A���R�s�A�Ԕ֎s,2020/11/18,��,24
330001,���R��,�a�C���A�q�~�s�A�q�~�s�A�q�~�s�A�q�~�s�A�q�~�s�A���R�s�A���R�s�A���R�s�A���R�s�A���R�s�A���R�s�A���R�s�A���R�s�A���R�s,2020/11/19,��,15
330001,���R��,�������A�q�~�s�A�q�~�s�A�q�~�s�A�q�~�s�A�q�~�s�A���R�s�A���R�s�A���R�s�A���R�s�A���R�s�A���R�s�A���R�s,2020/11/20,��,13
330001,���R��,�a�C���A�Ԕ֎s�A���˓��s�A�������A�������A�q�~�s�A�q�~�s�A�q�~�s�A�q�~�s�A���R�s�A���R�s�A���R�s�A���R�s�A���R�s�A���R�s�A���R�s�A���R�s�A���R�s�A���R�s�A���R�s�A���R�s�A���R�s�A���R�s�A���R�s�A���R�s�A���R�s�A���R�s,2020/11/21,�y,27
330001,���R��,�ʖ�s�A���璬�A���˓��s�A���R�s�A���R�s�A���R�s�A���R�s�A���R�s�A���R�s�A���R�s�A���R�s�A���R�s�A���R�s,2020/11/22,��,13
330001,���R��,����s�A����s�A����s�A����s�A���璬�A���Ўs�A�q�~�s�A���R�s�A���R�s�A���R�s,2020/11/23,��,10
330001,���R��,����s�A�������A�q�~�s�A���R�s�A���R�s�A���R�s�A���R�s,2020/11/24,��,7
330001,���R��,�Ԕ֎s�A���O�s�A�������A�q�~�s�A���R�s�A���R�s�A���R�s�A���R�s�A���R�s�A���R�s�A���R�s�A���R�s�A���R�s�A���R�s�A���R�s,2020/11/25,��,15
330001,���R��,��|���A�q�~�s�A�q�~�s�A�q�~�s�A�q�~�s�A���R�s�A���R�s�A���R�s�A���R�s�A���R�s�A���R�s�A���R�s�A���R�s�A���R�s,2020/11/26,��,14
330001,���R��,����s�A����s�A�����q���A����s�A�q�~�s�A�q�~�s�A���R�s�A���R�s�A���R�s�A���R�s�A���R�s�A���R�s�A���R�s�A���R�s�A���R�s�A���R�s�A���R�s�A���R�s�A���R�s�A���R�s�A���R�s�A���R�s�A���R�s�A���R�s,2020/11/27,��,24
330001,���R��,�������A���O�s�A���O�s�A���Ўs�A���R�s�A���R�s�A���R�s�A���R�s�A���R�s�A���R�s�A���R�s�A���R�s�A���R�s�A���R�s�A���R�s,2020/11/28,�y,15
330001,���R��,�ʖ�s�A�ʖ�s�A�q�~�s�A�q�~�s�A�q�~�s�A���R�s�A���R�s�A���R�s�A���R�s,2020/11/29,��,9
330001,���R��,�q�~�s�A�q�~�s�A���R�s�A���R�s�A���R�s�A���R�s�A���R�s,2020/11/30,��,7
330001,���R��,���O�s�A�q�~�s�A���R�s�A���R�s�A���R�s�A���R�s�A���R�s�A���R�s�A���R�s�A���R�s,2020/12/1,��,10
330001,���R��,���O�s�A�������A�q�~�s�A�q�~�s�A���R�s�A���R�s�A���R�s�A���R�s�A���R�s�A���R�s,2020/12/2,��,10
330001,���R��,���O�s�A�q�~�s�A�q�~�s�A���R�s�A���R�s�A���R�s�A���R�s�A���R�s�A���R�s�A���R�s,2020/12/3,��,10
330001,���R��,�q�~�s�A���R�s�A���R�s�A���R�s�A���R�s,2020/12/4,��,5
330001,���R��,����s�A���O�s�A�q�~�s�A�q�~�s�A�q�~�s�A�q�~�s�A���R�s�A���R�s�A���R�s�A���R�s�A���R�s,2020/12/5,�y,11
330001,���R��,����s�A����s�A�ÎR�s�A�ÎR�s�A�q�~�s�A�q�~�s�A���R�s�A���R�s�A���R�s�A���R�s�A���R�s�A���R�s,2020/12/6,��,12
330001,���R��,�������A�䌴�s�A�q�~�s�A���R�s�A���R�s�A���R�s�A���R�s�A���R�s�A���R�s,2020/12/7,��,9
330001,���R��,�������A�������A�䌴�s�A�^��s�A�^��s�A�ÎR�s�A���R�s�A���R�s�A���R�s�A���R�s�A���R�s�A���R�s,2020/12/8,��,12
330001,���R��,�Ԕ֎s�A�����s�A�^��s�A�q�~�s�A�q�~�s�A�q�~�s�A���R�s�A���R�s�A���R�s�A���R�s�A���R�s,2020/12/9,��,11
330001,���R��,�ʖ�s�A�����s�A�q�~�s�A�q�~�s�A�q�~�s�A�q�~�s�A�q�~�s�A�q�~�s�A���R�s�A���R�s�A���R�s�A���R�s�A���R�s,2020/12/10,��,13
330001,���R��,�q�~�s�A�q�~�s�A�q�~�s�A�q�~�s�A�q�~�s�A�q�~�s�A�q�~�s�A�q�~�s�A�q�~�s�A���R�s�A���R�s�A���R�s�A���R�s�A���R�s�A���R�s�A���R�s,2020/12/11,��,16
330001,���R��,�}���s�A�q�~�s�A�q�~�s�A�q�~�s�A�q�~�s�A�q�~�s�A�q�~�s�A�q�~�s�A�q�~�s�A�q�~�s�A�q�~�s�A�q�~�s�A�q�~�s�A�q�~�s�A���R�s�A���R�s�A���R�s�A���R�s�A���R�s�A���R�s�A���R�s�A���R�s,2020/12/12,�y,22
330001,���R��,�����s�A�����s�A�q�~�s�A�q�~�s�A�q�~�s�A�q�~�s�A�q�~�s�A�q�~�s�A�q�~�s�A�q�~�s�A�q�~�s�A�q�~�s�A�q�~�s�A�q�~�s�A�q�~�s�A�q�~�s�A�q�~�s�A�q�~�s�A�q�~�s�A�q�~�s�A�q�~�s�A�q�~�s�A�q�~�s�A�q�~�s�A�q�~�s�A�q�~�s�A�q�~�s�A�q�~�s�A�q�~�s�A���R�s�A���R�s�A���R�s�A���R�s�A���R�s�A���R�s�A���R�s�A���R�s�A���R�s,2020/12/13,��,38
330001,���R��,�ÎR�s�A�q�~�s�A�q�~�s�A�q�~�s�A�q�~�s�A�q�~�s�A�q�~�s�A�q�~�s�A�q�~�s�A�q�~�s�A�q�~�s�A�q�~�s�A�q�~�s�A�q�~�s�A�q�~�s�A�q�~�s�A�q�~�s�A�q�~�s�A�q�~�s�A�q�~�s�A�q�~�s�A�q�~�s�A���R�s�A���R�s�A���R�s�A���R�s�A���R�s,2020/12/14,��,27
330001,���R��,�������A���Ўs�A�ʖ�s�A���˓��s�A�q�~�s�A�q�~�s�A�q�~�s�A�q�~�s�A�q�~�s�A�q�~�s�A�q�~�s�A���R�s�A���R�s�A���R�s�A���R�s�A���R�s�A���R�s�A���R�s�A���R�s�A���R�s�A���R�s,2020/12/15,��,21
330001,���R��,�q�~�s�A�q�~�s�A�q�~�s�A�q�~�s�A�q�~�s�A�q�~�s�A�q�~�s�A�q�~�s�A�q�~�s�A�q�~�s�A�q�~�s�A�q�~�s�A�q�~�s�A�q�~�s�A�q�~�s�A�q�~�s�A�q�~�s�A�q�~�s�A�q�~�s�A���R�s�A���R�s�A���R�s�A���R�s�A���R�s�A���R�s�A���R�s�A���R�s�A���R�s�A���R�s�A���R�s�A���R�s�A���R�s,2020/12/16,��,32
330001,���R��,���O�A�Ԕ֎s�A�^��s�A�q�~�s�A�q�~�s�A�q�~�s�A�q�~�s�A�q�~�s�A�q�~�s�A�q�~�s�A�q�~�s�A�q�~�s�A�q�~�s�A�q�~�s�A�q�~�s�A���R�s�A���R�s�A���R�s�A���R�s�A���R�s�A���R�s�A���R�s�A���R�s�A���R�s�A���R�s�A���R�s�A���R�s,2020/12/17,��,27
330001,���R��,�ʖ�s�A�ÎR�s�A�}���s�A�^��s�A�^��s�A�^��s�A�^��s�A�^��s�A�q�~�s�A�q�~�s�A�q�~�s�A�q�~�s�A�q�~�s�A�q�~�s�A�q�~�s�A�q�~�s�A�q�~�s�A���R�s�A���R�s�A���R�s�A���R�s�A���R�s�A���R�s�A���R�s�A���R�s�A���R�s,2020/12/18,��,26
330001,���R��,�^��s�A�^��s�A�^��s�A�^��s�A�����s�A�^��s�A�^��s�A����s�A�����s�A�������A�^��s�A�^��s�A�^��s�A�q�~�s�A�q�~�s�A�q�~�s�A�q�~�s�A�q�~�s�A�q�~�s�A�q�~�s�A�q�~�s�A�q�~�s�A�q�~�s�A�q�~�s�A�q�~�s�A�q�~�s�A�q�~�s�A�q�~�s�A�q�~�s�A�q�~�s�A�q�~�s�A�q�~�s�A�q�~�s�A�q�~�s�A�q�~�s�A�q�~�s�A�q�~�s�A�q�~�s�A�q�~�s�A�q�~�s�A�q�~�s�A�q�~�s�A�q�~�s�A�����A�q�~�s�A�q�~�s�A�q�~�s�A���R�s�A���R�s�A���R�s�A���R�s�A�����A���R�s�A���R�s�A���R�s�A���R�s�A���R�s�A���R�s�A���R�s�A���R�s,2020/12/19,�y,60
330001,���R��,�ÎR�s�A�ÎR�s�A�ÎR�s�A�ÎR�s�A�ÎR�s�A�ÎR�s�A�ÎR�s�A���˓��s�A���˓��s�A���˓��s�A���˓��s�A���˓��s�A�Ԕ֎s�A���O�s�A�ދ`���A����s�A�������A�^��s�A�^��s�A�ʖ�s�A�^��s�A�^��s�A�^��s�A�q�~�s�A�q�~�s�A�q�~�s�A�q�~�s�A�q�~�s�A�q�~�s�A�q�~�s�A�q�~�s�A�q�~�s�A�q�~�s�A�q�~�s�A�q�~�s�A�q�~�s�A�q�~�s�A�q�~�s�A�q�~�s�A�q�~�s�A�q�~�s�A�q�~�s�A�q�~�s�A�q�~�s�A�q�~�s�A�q�~�s�A�q�~�s�A�q�~�s�A�q�~�s�A�q�~�s�A�q�~�s�A�q�~�s�A�q�~�s�A���R�s�A���R�s�A���R�s�A���R�s�A���R�s�A���R�s�A���R�s�A���R�s�A���R�s�A���R�s�A���R�s�A���R�s�A���R�s�A���R�s�A���R�s�A���R�s�A���R�s�A���R�s�A���R�s�A���R�s�A���R�s�A���R�s�A���R�s�A���R�s�A���R�s�A���R�s�A���R�s�A���R�s�A���R�s�A���R�s�A���R�s�A���R�s�A���R�s�A���R�s�A���R�s�A���R�s�A���R�s�A���R�s�A���R�s�A���R�s�A���R�s�A���R�s�A���R�s�A���R�s�A���R�s�A���R�s�A���R�s�A���R�s�A���R�s�A���R�s�A���R�s�A���R�s�A���R�s�A���R�s�A���R�s�A���R�s�A���R�s�A���R�s,2020/12/20,��,111
330001,���R��,�^��s�A�^��s�A���O�s�A�ÎR�s�A�ÎR�s�A�ÎR�s�A�ʖ�s�A�ʖ�s�A����s�A����s�A�q�~�s�A�q�~�s�A�q�~�s�A�q�~�s�A�q�~�s�A�q�~�s�A�q�~�s�A�q�~�s�A�q�~�s�A�q�~�s�A�q�~�s�A���R�s�A���R�s�A���R�s�A���R�s�A���R�s�A���R�s�A���R�s�A���R�s,2020/12/21,��,29
330001,���R��,�^��s�A���Ўs�A����s�A�ʖ�s�A�^��s�A�q�~�s�A�q�~�s�A�q�~�s�A�q�~�s�A�q�~�s�A���R�s�A���R�s�A���R�s,2020/12/22,��,13
330001,���R��,���Ўs�A�ÎR�s�A�ÎR�s�A�ÎR�s�A�ÎR�s�A�ÎR�s�A�^��s�A�^��s�A�^��s�A�^��s�A�^��s�A�q�~�s�A�q�~�s�A�q�~�s�A�q�~�s�A�q�~�s�A�q�~�s�A���R�s�A���R�s�A���R�s�A���R�s�A���R�s�A���R�s�A���R�s�A���R�s�A���R�s�A���R�s�A�����A���R�s�A���R�s�A���R�s�A���R�s�A���R�s�A���R�s�A���R�s,2020/12/23,��,35
330001,���R��,���˓��s�A�ÎR�s�A�^��s�A�}���s�A�ÎR�s�A�ÎR�s�A�}���s�A�ÎR�s�A�q�~�s�A�q�~�s�A�q�~�s�A�q�~�s�A�q�~�s�A�q�~�s�A�q�~�s�A�q�~�s�A�q�~�s�A�q�~�s�A���R�s�A���R�s�A���R�s�A���R�s�A���R�s�A���R�s�A���R�s�A���R�s�A���R�s,2020/12/24,��,27
330001,���R��,�^��s�A����s�A�q�~�s�A�q�~�s�A�q�~�s�A�q�~�s�A�q�~�s�A�q�~�s�A�q�~�s�A�q�~�s�A���R�s�A���R�s�A���R�s�A���R�s�A���R�s�A���R�s�A���R�s�A���R�s�A���R�s�A���R�s�A���R�s�A���R�s�A���R�s�A���R�s�A���R�s�A���R�s�A���R�s�A���R�s�A���R�s�A���R�s�A���R�s,2020/12/25,��,31
330001,���R��,�v�ē쒬�A�v�ē쒬�A�ÎR�s�A���˓��s�A�^��s�A�q�~�s�A�q�~�s�A�q�~�s�A�q�~�s�A���R�s�A���R�s�A���R�s�A���R�s�A���R�s�A���R�s�A���R�s�A���R�s�A���R�s�A���R�s�A���R�s�A���R�s�A���R�s�A���R�s�A���R�s�A���R�s�A���R�s�A���R�s�A���R�s,2020/12/26,�y,28
330001,���R��,���˓��s�A���˓��s�A���˓��s�A�ÎR�s�A�q�~�s�A�q�~�s�A�q�~�s�A�q�~�s�A�q�~�s�A�q�~�s�A���R�s�A�����A���R�s�A���R�s�A���R�s�A���R�s�A���R�s�A���R�s�A���R�s�A���R�s�A���R�s,2020/12/27,��,21
330001,���R��,���˓��s�A���˓��s�A�}���s�A�����s�A�a�C���A�q�~�s�A�q�~�s�A�q�~�s�A�q�~�s�A�q�~�s�A�q�~�s�A�q�~�s�A���R�s�A���R�s�A���R�s�A���R�s�A���R�s�A���R�s�A���R�s,2020/12/28,��,19
330001,���R��,�}���s�A�}���s�A�q�~�s�A�q�~�s�A�q�~�s�A�q�~�s�A�q�~�s�A�q�~�s�A�q�~�s�A�q�~�s�A�q�~�s�A�q�~�s�A���R�s�A���R�s�A���R�s�A���R�s�A���R�s�A���R�s�A���R�s�A���R�s�A���R�s�A���R�s�A���R�s,2020/12/29,��,23
330001,���R��,�}���s�A�}���s�A�ÎR�s�A�ÎR�s�A�q�~�s�A�q�~�s�A�q�~�s�A�q�~�s�A�q�~�s�A�q�~�s�A�q�~�s�A�q�~�s�A�q�~�s�A�q�~�s�A�q�~�s�A�q�~�s�A�q�~�s�A���R�s�A���R�s�A���R�s�A���R�s�A���R�s�A���R�s�A���R�s�A���R�s�A���R�s�A���R�s�A���R�s�A���R�s�A���R�s�A���R�s�A���R�s,2020/12/30,��,32
330001,���R��,�}���s�A�}���s�A�}���s�A�ÎR�s�A���˓��s�A���O�s�A�q�~�s�A�q�~�s�A���R�s�A���R�s�A���R�s�A���R�s�A���R�s�A���R�s�A���R�s�A���R�s�A���R�s�A���R�s�A���R�s�A���R�s�A���R�s�A���R�s�A���R�s,2020/12/31,��,23
330001,���R��,���˓��s�A����s�A�������A�L�����A�䌴�s�A�䌴�s�A�ÎR�s�A���˓��s�A�q�~�s�A�q�~�s�A�q�~�s�A�q�~�s�A�q�~�s�A�q�~�s�A�q�~�s�A�q�~�s�A�q�~�s�A�q�~�s�A�q�~�s�A���R�s�A���R�s�A���R�s�A���R�s�A���R�s�A���R�s�A���R�s�A���R�s,2021/1/1,��,27
330001,���R��,�_�ސ쌧�A���˓��s�A�q�~�s�A�q�~�s�A�q�~�s�A�q�~�s�A�q�~�s�A�q�~�s�A�q�~�s�A�q�~�s�A�q�~�s�A�q�~�s�A���R�s�A���R�s�A���R�s�A���R�s�A���R�s�A���R�s�A���R�s�A���R�s�A���R�s�A���R�s�A���R�s,2021/1/2,�y,23
330001,���R��,���˓��s�A���O�s�A���˓��s�A����s�A���Ўs�A���Ўs�A���˓��s�A�q�~�s�A�q�~�s�A�q�~�s�A�q�~�s�A���R�s�A���R�s�A���R�s�A���R�s�A���R�s�A���R�s�A���R�s�A���R�s�A���R�s�A���R�s�A���R�s�A���R�s�A���R�s�A���R�s�A���R�s�A���R�s,2021/1/3,��,27
330001,���R��,���{�A�����A�q�~�s�A�q�~�s�A�q�~�s�A�q�~�s�A�q�~�s�A�q�~�s�A�q�~�s�A�q�~�s�A�q�~�s�A�q�~�s�A�q�~�s�A�q�~�s�A���R�s�A���R�s�A���R�s�A���R�s�A���R�s�A���R�s�A���R�s�A���R�s�A���R�s�A���R�s�A���R�s�A���R�s�A���R�s�A���R�s�A���R�s�A���R�s�A���R�s�A�����A���R�s,2021/1/4,��,33
330001,���R��,�ÎR�s�A���Ўs�A���Ўs�A�䌴�s�A�q�~�s�A�q�~�s�A�q�~�s�A�q�~�s�A�q�~�s�A�q�~�s�A�����A�q�~�s�A�q�~�s�A�q�~�s�A�q�~�s�A�q�~�s�A���R�s�A���R�s�A���R�s�A���R�s�A���R�s�A���R�s�A���R�s�A���R�s�A���R�s�A���R�s�A���R�s�A���R�s�A���R�s�A���R�s�A���R�s�A���R�s�A���R�s�A���R�s�A���R�s�A���R�s�A���R�s�A���R�s�A���R�s�A���R�s�A�����A���R�s�A���R�s�A���R�s�A���R�s�A���R�s�A���R�s�A���R�s�A���R�s�A���R�s�A���R�s,2021/1/5,��,51
330001,���R��,�ʖ�s�A�Ԕ֎s�A�ÎR�s�A�}���s�A���Ўs�A�^��s�A�q�~�s�A�q�~�s�A�q�~�s�A�q�~�s�A�q�~�s�A�q�~�s�A�q�~�s�A�q�~�s�A�q�~�s�A�q�~�s�A�q�~�s�A�q�~�s�A�q�~�s�A�q�~�s�A�q�~�s�A�q�~�s�A�q�~�s�A�q�~�s�A�q�~�s�A�q�~�s�A�q�~�s�A���R�s�A���R�s�A���R�s�A���R�s�A���R�s�A���R�s�A���R�s�A���R�s�A���R�s�A���R�s�A���R�s�A���R�s�A���R�s�A���R�s�A���R�s�A���R�s�A���R�s�A���R�s�A���R�s�A���R�s�A���R�s�A���R�s�A���R�s�A���R�s�A���R�s�A���R�s�A���R�s�A���R�s�A���R�s�A���R�s�A���R�s�A���R�s,2021/1/6,��,59
330001,���R��,�_�ސ쌧�A�ʖ�s�A�ދ`���A�ÎR�s�A�^��s�A�������A�q�~�s�A�q�~�s�A�q�~�s�A�q�~�s�A�q�~�s�A�q�~�s�A�q�~�s�A�q�~�s�A�q�~�s�A�q�~�s�A�q�~�s�A�q�~�s�A�q�~�s�A�q�~�s�A�q�~�s�A�q�~�s�A�q�~�s�A�q�~�s�A�q�~�s�A�q�~�s�A�q�~�s�A�q�~�s�A�q�~�s�A�q�~�s�A�q�~�s�A���R�s�A���R�s�A���R�s�A���R�s�A���R�s�A���R�s�A���R�s�A���R�s�A���R�s�A���R�s�A���R�s�A���R�s�A���R�s�A���R�s�A���R�s�A���R�s�A���R�s�A���R�s�A���R�s�A���R�s�A���R�s�A���R�s�A���R�s�A���R�s�A���R�s�A���R�s�A���R�s�A���R�s�A���R�s�A���R�s�A���R�s�A���R�s�A���R�s�A���R�s�A���R�s,2021/1/7,��,66
330001,���R��,�ʖ�s�A�ʖ�s�A�ދ`���A�����s�A�}���s�A�ÎR�s�A�������A�q�~�s�A�q�~�s�A�q�~�s�A�q�~�s�A�q�~�s�A�q�~�s�A�q�~�s�A�q�~�s�A�q�~�s�A�q�~�s�A�q�~�s�A���R�s�A���R�s�A���R�s�A���R�s�A���R�s�A���R�s�A���R�s�A���R�s�A���R�s�A���R�s�A���R�s�A���R�s�A���R�s�A���R�s�A���R�s�A���R�s�A���R�s�A���R�s�A���R�s�A���R�s�A���R�s�A���R�s�A���R�s�A���R�s�A���R�s�A���R�s�A���R�s�A���R�s,2021/1/8,��,46
330001,���R��,�V���s�A�ʖ�s�A�ʖ�s�A�ʖ�s�A�ʖ�s�A�ʖ�s�A�ʖ�s�A���Ўs�A�Ԕ֎s�A���˓��s�A�ʖ�s�A�ʖ�s�A���Ўs�A���Ўs�A�q�~�s�A�q�~�s�A�q�~�s�A�q�~�s�A�q�~�s�A�q�~�s�A�q�~�s�A�q�~�s�A�q�~�s�A�q�~�s�A�q�~�s�A�q�~�s�A�q�~�s�A�q�~�s�A�q�~�s�A�q�~�s�A�q�~�s�A�����i�q�~�s�ȊO�j�A�q�~�s�A�q�~�s�A�q�~�s�A�q�~�s�A�q�~�s�A�q�~�s�A�q�~�s�A�q�~�s�A�q�~�s�A�q�~�s�A�q�~�s�A�q�~�s�A�q�~�s�A�q�~�s�A�q�~�s�A�q�~�s�A���R�s�A���R�s�A���R�s�A���R�s�A���R�s�A���R�s�A���R�s�A���R�s�A���R�s�A���R�s�A���R�s�A���R�s�A���R�s�A���R�s�A���R�s�A���R�s�A���R�s�A���R�s�A���R�s�A���R�s�A���R�s�A���R�s�A���R�s�A���R�s�A���R�s�A���R�s�A���R�s�A���R�s�A���R�s�A���R�s�A���R�s�A���R�s,2021/1/9,�y,80
330001,���R��,���˓��s�A����s�A����s�A�������A�q�~�s�A�q�~�s�A�q�~�s�A�q�~�s�A�q�~�s�A�q�~�s�A�q�~�s�A�q�~�s�A���R�s�A���R�s�A���R�s�A���R�s�A���R�s�A���R�s�A���R�s�A���R�s�A���R�s�A���R�s�A���R�s�A���R�s�A���R�s�A���R�s�A���R�s�A���R�s�A���R�s�A���R�s�A���R�s�A���R�s,2021/1/10,��,32
330001,���R��,�ʖ�s�A�ʖ�s�A�ʖ�s�A�ʖ�s�A�ʖ�s�A����s�A��|���A�L�����A���ꌧ�A���쒬�A�q�~�s�A�q�~�s�A�q�~�s�A�q�~�s�A�q�~�s�A�q�~�s�A�q�~�s�A�q�~�s�A�q�~�s�A�q�~�s�A�q�~�s�A���R�s�A���R�s�A���R�s�A���R�s�A���R�s�A���R�s�A���R�s�A���R�s�A���R�s�A���R�s�A���R�s�A���R�s�A���R�s�A���R�s�A���R�s�A���R�s�A���R�s�A���R�s�A���R�s�A���R�s�A���R�s�A���R�s�A���R�s�A���R�s�A���R�s�A���R�s�A���R�s�A���R�s�A���R�s�A���R�s�A���R�s,2021/1/11,��,52
330001,���R��,��|���A���쒬�A���쒬�A���쒬�A�q�~�s�A�q�~�s�A�q�~�s�A�q�~�s�A�q�~�s�A�q�~�s�A�q�~�s�A�q�~�s�A�q�~�s�A���R�s�A���R�s�A�����A���R�s�A���R�s�A���R�s�A���R�s�A���R�s�A���R�s�A���R�s�A���R�s�A���R�s�A���R�s�A���R�s�A���R�s�A���R�s�A���R�s�A���R�s�A���R�s�A���R�s,2021/1/12,��,33
330001,���R��,�ʖ�s�A���Ўs�A�ÎR�s�A�q�~�s�A�q�~�s�A�q�~�s�A�q�~�s�A�q�~�s�A�q�~�s�A�q�~�s�A�q�~�s�A�q�~�s�A�q�~�s�A���R�s�A���R�s�A���R�s�A���R�s�A���R�s�A���R�s�A���R�s�A���R�s�A���R�s�A���R�s�A���R�s�A���R�s�A���R�s�A���R�s�A���R�s�A���R�s�A���R�s�A���R�s�A���R�s�A���R�s�A���R�s�A���R�s�A���R�s�A���R�s,2021/1/13,��,37
330001,���R��,�������A���Ўs�A���Ўs�A���Ўs�A�ÎR�s�A�q�~�s�A�q�~�s�A�q�~�s�A�q�~�s�A�q�~�s�A�q�~�s�A�q�~�s�A�q�~�s�A�q�~�s�A�q�~�s�A�q�~�s�A�q�~�s�A�q�~�s�A�q�~�s�A�q�~�s�A�q�~�s�A�q�~�s�A�q�~�s�A�q�~�s�A���R�s�A���R�s�A���R�s�A���R�s�A���R�s�A���R�s�A���R�s�A���R�s�A���R�s�A���R�s�A���R�s�A���R�s�A���R�s�A���R�s,2021/1/14,��,38
330001,���R��,�Ԕ֎s�A�����s�A���Ўs�A����s�A�q�~�s�A�q�~�s�A�q�~�s�A�q�~�s�A�q�~�s�A�q�~�s�A�q�~�s�A�q�~�s�A�q�~�s�A�q�~�s�A�q�~�s�A�q�~�s�A�q�~�s�A���R�s�A���R�s�A���R�s�A���R�s�A���R�s�A���R�s�A���R�s�A���R�s�A���R�s�A���R�s�A���R�s�A���R�s�A���R�s�A�����A���R�s�A���R�s�A���R�s�A���R�s,2021/1/15,��,35
330001,���R��,���Ўs�A���Ўs�A�V���s�A�V���s�A�V���s�A�V���s�A�V���s�A�V���s�A�V���s�A�q�~�s�A�q�~�s�A�q�~�s�A�q�~�s�A�q�~�s�A�q�~�s�A�q�~�s�A�q�~�s�A�q�~�s�A�q�~�s�A�q�~�s�A�q�~�s�A���R�s�A���R�s�A���R�s�A���R�s�A���R�s�A���R�s�A���R�s�A���R�s�A���R�s�A���R�s�A���R�s�A���R�s�A���R�s�A���R�s,2021/1/16,�y,35
330001,���R��,����s�A���Ўs�A�V���s�A�V���s�A�V���s�A�V���s�A�V���s�A�q�~�s�A�q�~�s�A�q�~�s�A�q�~�s�A�q�~�s�A�q�~�s�A�q�~�s�A�q�~�s�A�q�~�s�A���R�s�A���R�s�A���R�s�A���R�s�A���R�s�A���R�s�A���R�s�A���R�s�A���R�s�A���R�s�A���R�s�A���R�s�A�����A���R�s�A���R�s�A���R�s�A���R�s�A���R�s,2021/1/17,��,34
330001,���R��,���Ўs�A���Ўs�A�������A���˓��s�A���˓��s�A���˓��s�A���˓��s�A�q�~�s�A�q�~�s�A�q�~�s�A�q�~�s�A�q�~�s�A�q�~�s�A���R�s�A���R�s�A���R�s�A���R�s�A���R�s�A���R�s�A���R�s�A���R�s�A���R�s�A���R�s�A���R�s�A���R�s�A���R�s�A���R�s�A���R�s�A���R�s�A���R�s�A���R�s,2021/1/18,��,31
330001,���R��,����s�A���˓��s�A���˓��s�A���˓��s�A���˓��s�A�q�~�s�A�q�~�s�A�q�~�s�A�q�~�s�A�q�~�s�A�q�~�s�A�q�~�s�A���R�s�A���R�s�A���R�s�A���R�s�A���R�s�A���R�s�A���R�s�A���R�s�A���R�s�A���R�s,2021/1/19,��,22
330001,���R��,���Ўs�A�ʖ�s�A�ʖ�s�A���˓��s�A���˓��s�A�V���s�A�q�~�s�A�q�~�s�A�q�~�s�A�q�~�s�A�q�~�s�A�q�~�s�A�q�~�s�A�q�~�s�A���R�s�A���R�s�A���R�s�A���R�s�A���R�s�A���R�s�A���R�s�A���R�s�A���R�s�A���R�s�A���R�s�A���R�s�A���R�s�A���R�s�A���R�s�A���R�s,2021/1/20,��,30
330001,���R��,�Ԕ֎s�A���˓��s�A�^��s�A�^��s�A�Ԕ֎s�A�V���s�A�q�~�s�A�q�~�s�A�q�~�s�A�q�~�s�A�q�~�s�A�q�~�s�A�q�~�s�A�q�~�s�A�q�~�s�A���R�s�A���R�s�A���R�s�A���R�s�A���R�s�A���R�s�A���R�s�A���R�s�A���R�s�A���R�s�A���R�s�A���R�s�A���R�s�A���R�s,2021/1/21,��,29
330001,���R��,���Ўs�A����s�A����s�A���˓��s�A�}���s�A�ޗǌ��A����s�A����s�A�q�~�s�A�q�~�s�A�q�~�s�A�q�~�s�A�q�~�s�A�q�~�s�A���R�s�A���R�s�A���R�s�A���R�s�A���R�s�A���R�s,2021/1/22,��,20
330001,���R��,���O�s�A�L�����A����s�A����s�A�q�~�s�A���R�s�A���R�s�A���R�s�A���R�s�A���R�s�A���R�s�A���R�s�A���R�s�A���R�s�A���R�s�A���R�s,2021/1/23,�y,16
330001,���R��,�a�C���A�q�~�s�A�q�~�s�A�q�~�s�A�q�~�s�A�q�~�s�A���R�s�A���R�s�A���R�s,2021/1/24,��,9
330001,���R��,���Ўs�A����s�A���R�s�A���R�s�A���R�s�A���R�s�A���R�s�A���R�s�A���R�s�A���R�s�A���R�s�A���R�s�A���R�s�A���R�s�A���R�s�A���R�s�A���R�s�A���R�s�A���R�s�A���R�s�A���R�s,2021/1/25,��,21
330001,���R��,���˓��s�A���˓��s�A���˓��s�A�q�~�s�A�q�~�s�A�q�~�s�A�q�~�s�A���R�s�A���R�s�A���R�s�A���R�s�A���R�s�A���R�s�A���R�s�A���R�s�A���R�s�A���R�s�A���R�s,2021/1/26,��,18
330001,���R��,�ÎR�s�A�q�~�s�A�q�~�s�A�q�~�s�A�q�~�s�A�q�~�s�A�q�~�s�A���R�s�A���R�s�A���R�s�A���R�s�A���R�s�A���R�s�A���R�s�A���R�s�A���R�s�A���R�s�A���R�s,2021/1/27,��,18
330001,���R��,���璬�A�ÎR�s�A�ÎR�s�A�ÎR�s�A�ÎR�s�A�ÎR�s�A�ÎR�s�A�q�~�s�A�q�~�s�A���R�s�A���R�s�A���R�s�A���R�s�A���R�s�A���R�s�A���R�s�A���R�s�A���R�s,2021/1/28,��,18
330001,���R��,�L�����A�q�~�s�A�q�~�s�A�q�~�s�A���R�s�A���R�s�A���R�s�A���R�s�A���R�s�A���R�s�A���R�s�A���R�s,2021/1/29,��,12
330001,���R��,�Ԕ֎s�A�ʖ�s�A�^��s�A�^��s�A�^��s�A�q�~�s�A�q�~�s�A�����i�q�~�s�ȊO�j�A�q�~�s�A���R�s�A���R�s�A���R�s�A���R�s�A���R�s,2021/1/30,�y,14
330001,���R��,�q�~�s�A�q�~�s�A���R�s�A���R�s�A���R�s�A���R�s�A���R�s�A���R�s�A���R�s,2021/1/31,��,9
330001,���R��,�Ԕ֎s�A�^��s�A�q�~�s�A���R�s�A���R�s�A���R�s�A���R�s,2021/2/1,��,7
330001,���R��,�^��s�A�^��s�A�^��s�A���˓��s�A�q�~�s�A���R�s�A���R�s�A���R�s�A���R�s,2021/2/2,��,9
330001,���R��,���˓��s�A���O�s�A���R�s�A���R�s�A���R�s�A���R�s�A���R�s�A���R�s�A���R�s�A���R�s�A���R�s�A���R�s,2021/2/3,��,12
330001,���R��,�Ԕ֎s�A���˓��s�A���R�s�A���R�s�A���R�s�A���R�s�A���R�s�A���R�s�A���R�s,2021/2/4,��,9
330001,���R��,�Ԕ֎s�A�q�~�s�A���R�s�A���R�s�A���R�s,2021/2/5,��,5
330001,���R��,�Ԕ֎s�A�Ԕ֎s�A�������A�q�~�s�A�q�~�s�A���R�s�A���R�s�A���R�s�A���R�s�A���R�s,2021/2/6,�y,10
330001,���R��,�Ԕ֎s�A�ʖ�s�A�^��s�A�������A���˓��s�A�Ԕ֎s�A�^��s�A�^��s�A�^��s�A�q�~�s�A�q�~�s�A�q�~�s�A�q�~�s�A���R�s�A���R�s�A���R�s,2021/2/7,��,16
330001,���R��,���˓��s�A�q�~�s�A���R�s,2021/2/8,��,3
330001,���R��,�q�~�s�A���R�s�A���R�s�A���R�s�A���R�s�A���R�s,2021/2/9,��,6
330001,���R��,�q�~�s�A�q�~�s�A���R�s�A���R�s�A���R�s�A���R�s�A���R�s,2021/2/10,��,7
330001,���R��,�q�~�s�A���R�s�A���R�s�A���R�s�A���R�s�A���R�s,2021/2/11,��,6
330001,���R��,���Ўs�A�q�~�s�A�q�~�s�A���R�s�A���R�s�A���R�s�A���R�s�A���R�s�A���R�s�A���R�s,2021/2/12,��,10
330001,���R��,�������A���R�s�A���R�s�A���R�s,2021/2/13,�y,4
330001,���R��,�����i�q�~�s�ȊO�j�A�q�~�s�A���R�s,2021/2/14,��,3
330001,���R��,���R�s�A���R�s�A���R�s�A���R�s,2021/2/15,��,4
330001,���R��,���쌧�A����s�A����s�A���R�s�A���R�s,2021/2/16,��,5
330001,���R��,���R�s�A���R�s�A���R�s�A���R�s,2021/2/17,��,4
330001,���R��,���R�s�A���R�s,2021/2/18,��,2
330001,���R��,�}���s,2021/2/19,��,1
330001,���R��,���R�s�A���R�s,2021/2/20,�y,2
330001,���R��,�Ԕ֎s�A���R�s�A���R�s,2021/2/21,��,3
330001,���R��,��|���A�q�~�s�A���R�s�A���R�s,2021/2/22,��,4
330001,���R��,�ʖ�s�A���R�s,2021/2/23,��,2
330001,���R��,���R�s�A���R�s,2021/2/24,��,2
330001,���R��,,2021/2/25,��,0
330001,���R��,�ʖ�s�A���Ўs�A���O�s�A���R�s,2021/2/26,��,4
330001,���R��,���R�s,2021/2/27,�y,1
330001,���R��,���˓��s�A���R�s�A���R�s�A���R�s�A���R�s,2021/2/28,��,5
330001,���R��,�����A���R�s,2021/3/1,��,2
330001,���R��,���R�s�A���R�s,2021/3/2,��,2
330001,���R��,�������A���R�s�A���R�s�A���R�s�A���R�s�A���R�s�A���R�s�A���R�s,2021/3/3,��,8
330001,���R��,���˓��s�A�䌴�s�A�q�~�s�A���R�s�A���R�s�A���R�s�A���R�s�A���R�s�A���R�s�A���R�s,2021/3/4,��,10
330001,���R��,���˓��s�A���R�s�A���R�s,2021/3/5,��,3
330001,���R��,�䌴�s�A�����A���R�s�A���R�s�A���R�s�A���R�s�A���R�s�A���R�s�A���R�s,2021/3/6,�y,9
330001,���R��,���R�s�A���R�s�A���R�s�A���R�s�A���R�s,2021/3/7,��,5
330001,���R��,���R�s�A���R�s�A���R�s,2021/3/8,��,3
330001,���R��,���R�s�A���R�s�A���R�s�A���R�s�A���R�s�A���R�s�A���R�s�A���R�s�A���R�s�A���R�s,2021/3/9,��,10
330001,���R��,�ʖ�s�A�����s�A�Ԕ֎s�A���R�s�A���R�s�A���R�s�A���R�s�A���R�s�A���R�s�A���R�s�A���R�s�A���R�s�A���R�s�A���R�s�A���R�s�A���R�s,2021/3/10,��,16
330001,���R��,�����s�A���R�s�A���R�s�A���R�s�A���R�s�A���R�s�A���R�s�A���R�s�A���R�s�A���R�s�A���R�s,2021/3/11,��,11
330001,���R��,���˓��s�A���R�s�A���R�s�A���R�s�A���R�s�A���R�s�A���R�s�A���R�s,2021/3/12,��,8
330001,���R��,���R�s�A���R�s�A���R�s�A���R�s�A���R�s�A���R�s,2021/3/13,�y,6
330001,���R��,����s�A���R�s,2021/3/14,��,2
330001,���R��,�����s�A�q�~�s�A���O�A���R�s,2021/3/15,��,4
330001,���R��,�Ԕ֎s�A���R�s�A���R�s�A���R�s�A���R�s,2021/3/16,��,5
330001,���R��,�Ԕ֎s�A���R�s,2021/3/17,��,2
330001,���R��,�ʖ�s�A�q�~�s�A�q�~�s�A���R�s�A���R�s�A���R�s�A���R�s�A���R�s,2021/3/18,��,8
330001,���R��,���Ўs�A��|���A�q�~�s�A���R�s�A���R�s�A���R�s�A���R�s�A���R�s�A���R�s,2021/3/19,��,9
330001,���R��,���Ўs�A���˓��s�A���R�s�A���R�s,2021/3/20,�y,4
330001,���R��,�������A�q�~�s�A���R�s�A���R�s�A���R�s�A���R�s�A���R�s�A���R�s�A���R�s,2021/3/21,��,9
330001,���R��,�q�~�s�A�q�~�s�A���R�s�A���R�s�A���R�s�A���R�s�A���R�s,2021/3/22,��,7
330001,���R��,�q�~�s�A���R�s�A���R�s,2021/3/23,��,3
330001,���R��,�Ԕ֎s�A�q�~�s�A���O�A���R�s�A���R�s,2021/3/24,��,5
330001,���R��,���R�s�A���R�s,2021/3/25,��,2
330001,���R��,���R�s�A���R�s�A���R�s�A���R�s�A���R�s,2021/3/26,��,5
330001,���R��,,2021/3/27,�y,0
330001,���R��,�q�~�s�A,2021/3/28,��,3
330001,���R��,���R�s�A���R�s�A���R�s�A���R�s,2021/3/29,��,4
330001,���R��,���Ўs�A�Ԕ֎s�A�Ԕ֎s�A�Ԕ֎s�A�q�~�s�A�q�~�s�A�q�~�s�A���R�s�A���R�s�A���R�s�A���R�s�A���R�s�A���R�s�A���R�s�A���R�s�A���R�s�A���R�s�A���R�s�A���R�s�A���R�s�A���R�s�A���R�s�A���R�s�A���R�s�A���R�s,2021/3/30,��,25
330001,���R��,���{�A���{�A���{�A����s�A���R�s�A���R�s�A���R�s�A���R�s�A���R�s�A���R�s�A���R�s�A���R�s�A���R�s�A���R�s�A���R�s�A���R�s�A���R�s�A���R�s�A���R�s,2021/3/31,��,19
330001,���R��,�Ԕ֎s�A�Ԕ֎s�A���O�s�A���R�s�A���R�s�A���R�s�A���R�s�A���R�s�A���R�s�A���R�s,2021/4/1,��,10
330001,���R��,�Ԕ֎s�A�Ԕ֎s�A�Ԕ֎s�A�q�~�s�A���R�s�A���R�s�A���R�s�A���R�s�A���R�s�A���R�s�A���R�s�A���R�s�A���R�s�A���R�s�A���R�s�A���R�s�A���R�s�A���R�s,2021/4/2,��,18
330001,���R��,�����s�A�䌴�s�A���O�s�A�ÎR�s�A�Ԕ֎s�A�q�~�s�A���R�s�A���R�s�A���R�s�A���R�s�A���R�s�A���R�s�A���R�s�A���R�s�A���R�s�A���R�s�A���R�s�A���R�s�A���R�s�A���R�s,2021/4/3,�y,20
330001,���R��,�ÎR�s�A�ÎR�s�A�q�~�s�A�q�~�s�A�q�~�s�O�A���R�s�A���R�s�A���R�s�A���R�s�A���R�s�A���R�s�A���R�s�A���R�s�A���R�s,2021/4/4,��,14
330001,���R��,�^��s�A�������A�������A���R�s�A���R�s�A���R�s�A���R�s,2021/4/5,��,7
330001,���R��,�^��s�A�^��s�A�^��s�A�^��s�A���O�s�A�^��s�A�^��s�A�q�~�s�A�q�~�s�A�q�~�s�A�q�~�s�A���R�s�A���R�s�A���R�s�A���R�s�A���R�s�A���R�s�A���R�s�A���R�s,2021/4/6,��,19
330001,���R��,�V���s�A�v�ē쒬�A���O�s�A�Ԕ֎s�A�q�~�s�A�q�~�s�A�q�~�s�A�q�~�s�A�q�~�s�A�q�~�s�A�q�~�s�A���R�s�A���R�s�A���R�s�A���R�s�A���R�s�A���R�s�A���R�s�A���R�s�A���R�s�A���R�s�A���R�s�A���R�s,2021/4/7,��,23
330001,���R��,���O�s�A�V���s�A�v�ē쒬�A�v�ē쒬�A�}���s�A�}���s�A�}���s�A�}���s�A�a�C���A�v�ē쒬�A�v�ē쒬�A�}���s�A�}���s�A�q�~�s�A�q�~�s�A�q�~�s�A���R�s�A���R�s�A���R�s�A���R�s�A���R�s�A���R�s�A���R�s�A���R�s�A���R�s�A���R�s,2021/4/8,��,26
330001,���R��,�V���s�A�a�C���A�a�C���A�^��s�A�^��s�A���O�s�A�V���s�A�V���s�A�V���s�A�V���s�A�V���s�A�V���s�A�V���s�A�V���s�A�V���s�A�V���s�A�V���s�A�V���s�A�V���s�A�V���s�A�q�~�s�A�q�~�s�A�q�~�s�A���R�s�A���R�s�A���R�s�A���R�s�A���R�s�A���R�s�A���R�s�A���R�s�A���R�s�A���R�s�A���R�s�A���R�s�A���R�s�A���R�s�A���R�s�A���R�s,2021/4/9,��,39
330001,���R��,���O�s�A�������A�V���s�A�V���s�A�V���s�A�V���s�A�V���s�A�V���s�A�V���s�A�V���s�A�V���s�A�V���s�A�V���s�A�V���s�A�V���s�A�V���s�A�V���s�A�V���s�A�V���s�A�V���s�A�V���s�A�V���s�A�V���s�A�q�~�s�A�q�~�s�A�q�~�s�A�q�~�s�A�q�~�s�A�q�~�s�A���R�s�A���R�s�A���R�s�A���R�s�A���R�s�A���R�s�A���R�s�A���R�s�A���R�s�A���R�s�A���R�s�A���R�s�A���R�s,2021/4/10,�y,42
330001,���R��,���Ўs�A�ÎR�s�A����s�A���璬�A����s�A�V���s�A�V���s�A�V���s�A�V���s�A�V���s�A�V���s�A�V���s�A�V���s�A�V���s�A�V���s�A�V���s�A�q�~�s�A�q�~�s�A�q�~�s�A�q�~�s�A�q�~�s�A�q�~�s�A�q�~�s�A�q�~�s�A�q�~�s�A�q�~�s�A���R�s�A���R�s�A���R�s�A���R�s�A���R�s�A���R�s�A���R�s�A���R�s�A���R�s�A���R�s�A���R�s�A���R�s�A���R�s�A���R�s�A���R�s�A���R�s,2021/4/11,��,42
330001,���R��,�������A���O�s�A�ÎR�s�A�ÎR�s�A���Ўs�A���Ўs�A����s�A���R�s�A���R�s�A���R�s�A���R�s�A���R�s�A���R�s�A���R�s�A���R�s�A���R�s�A���O�A�q�~�s�A�q�~�s�A�q�~�s�A�q�~�s,2021/4/12,��,21
330001,���R��,�ʖ�s�A���O�s�A���O�s�A���O�s�A�^��s�A���Ɍ��A���R�s�A���R�s�A���R�s�A���R�s�A���R�s�A���R�s�A���R�s�A���R�s�A�q�~�s�A�q�~�s�A�q�~�s,2021/4/13,��,17
330001,���R��,�V���s�A�^��s�A�^��s�A�^��s�A�Ԕ֎s�A�ÎR�s�A�ÎR�s�A���R�s�A���R�s�A���R�s�A���R�s�A���R�s�A���R�s�A���R�s�A���R�s�A���R�s�A���R�s�A���R�s�A���R�s�A�q�~�s�A�q�~�s�A�q�~�s�A�q�~�s�A�q�~�s�A�q�~�s�A�q�~�s�A�q�~�s�A�q�~�s�A�q�~�s�A�q�~�s�A�q�~�s�A�q�~�s,2021/4/14,��,32
330001,���R��,�V���s�A�V���s�A�V���s�A�V���s�A�V���s�A�V���s�A�V���s�A�V���s�A�V���s�A�ʖ�s�A����s�A�ÎR�s�A�^��s�A�ʖ�s�A�ʖ�s�A���R�s�A���R�s�A���R�s�A���R�s�A���R�s�A���R�s�A���R�s�A���R�s�A���R�s�A���R�s�A���R�s�A���R�s�A���R�s�A���R�s�A�q�~�s�A�q�~�s�A�q�~�s�A�q�~�s�A�q�~�s�A�q�~�s�A�q�~�s�A�q�~�s�A�q�~�s�A�q�~�s�A�q�~�s�A�q�~�s�A�q�~�s�A�q�~�s�A�q�~�s�A�q�~�s�A�q�~�s,2021/4/15,��,46
330001,���R��,����s�A�������A�V���s�A���{�A�ʖ�s�A�ÎR�s�A�ÎR�s�A�ÎR�s�A�V���s�A�����s�A���R�s�A���R�s�A���R�s�A���R�s�A���R�s�A���R�s�A���R�s�A���R�s�A���R�s�A���R�s�A���R�s�A���R�s�A���R�s�A���R�s�A���R�s�A�q�~�s�A�q�~�s�A�q�~�s�A�q�~�s�A�q�~�s�A�q�~�s,2021/4/16,��,31
330001,���R��,�ʖ�s�A�ʖ�s�A�ʖ�s�A�ʖ�s�A�ʖ�s�A�ʖ�s�A�ʖ�s�A����s�A����s�A����s�A����s�A���Ўs�A���Ўs�A�^��s�A�Ԕ֎s�A���O�s�A���R�s�A���R�s�A���R�s�A���R�s�A���R�s�A���R�s�A���R�s�A���R�s�A���R�s�A���R�s�A���R�s�A���R�s�A���R�s�A���R�s�A���R�s�A���R�s�A���R�s�A���R�s�A���R�s�A���R�s�A���R�s�A���R�s�A�q�~�s�A�q�~�s�A�q�~�s�A�q�~�s�A�q�~�s�A�q�~�s�A�q�~�s�A�q�~�s�A�q�~�s�A�q�~�s�A�q�~�s�A�q�~�s�A�q�~�s�A�q�~�s�A�q�~�s,2021/4/17,�y,53
330001,���R��,�����s�A�����s�A���Ўs�A���Ўs�A���Ўs�A���Ўs�A���Ўs�A���Ўs�A���Ўs�A���Ўs�A�Ԕ֎s�A�^��s�A�V���s�A�V���s�A�ʖ�s�A�ʖ�s�A�a�C���A���Ўs�A���Ўs�A���Ўs�A���Ўs�A���Ўs�A���Ўs�A���Ўs�A���Ўs�A���Ўs�A���Ўs�A���Ўs�A���Ўs�A�q�~�s�A�q�~�s�A�q�~�s�A�q�~�s�A�q�~�s�A�q�~�s�A�q�~�s�A�q�~�s�A�q�~�s�A�q�~�s�A�q�~�s�A�q�~�s�A���R�s�A���R�s�A���R�s�A���R�s�A���R�s�A���R�s�A���R�s�A���R�s�A���R�s�A���R�s�A���R�s�A���R�s�A���R�s�A���R�s�A���R�s�A���R�s�A���R�s�A���R�s�A���R�s�A���R�s,2021/4/18,��,61
330001,���R��,�ʖ�s�A�ʖ�s�A���˓��s�A���R�s�A���R�s�A���R�s�A���R�s�A���R�s�A���R�s�A���R�s�A���R�s�A���R�s�A�q�~�s�A�q�~�s�A�q�~�s�A�q�~�s�A�q�~�s�A�q�~�s�A�q�~�s�A�q�~�s�A�q�~�s�A�q�~�s�A�q�~�s�A�q�~�s�A�q�~�s�A�q�~�s�A�q�~�s�A�q�~�s�A�q�~�s�A�q�~�s,2021/4/19,��,30
330001,���R��,����s�A����s�A�a�C���A�a�C���A����s�A�������A���˓��s�A�ÎR�s�A�����s�A�q�~�s�A�q�~�s�A�q�~�s�A�q�~�s�A�q�~�s�A�q�~�s�A�q�~�s�A�q�~�s�A�q�~�s�A���R�s�A���R�s�A���R�s�A���R�s�A���R�s�A���R�s�A���R�s�A���R�s�A���R�s�A���R�s�A���R�s�A���R�s�A���R�s�A���R�s�A���R�s�A���R�s�A���R�s�A���R�s�A���R�s�A���R�s,2021/4/20,��,38
330001,���R��,���˓��s�A�ʖ�s�A�^��s�A�^��s�A�V���s�A�V���s�A�V���s�A���Ўs�A����s�A�ʖ�s�A�ÎR�s�A���Ўs�A�a�C���A���Ўs�A���˓��s�A�q�~�s�A�q�~�s�A�q�~�s�A�q�~�s�A�q�~�s�A�q�~�s�A�q�~�s�A�q�~�s�A�q�~�s�A�q�~�s�A�q�~�s�A�q�~�s�A�q�~�s�A�q�~�s�A�q�~�s�A�q�~�s�A�q�~�s�A���R�s�A���R�s�A���R�s�A���R�s�A���R�s�A���R�s�A���R�s�A���R�s�A���R�s�A���R�s�A���R�s�A���R�s�A���R�s�A���R�s�A���R�s�A���R�s�A���R�s�A���R�s�A���R�s�A���R�s�A���R�s�A���R�s�A���R�s�A���R�s�A���R�s�A���R�s,2021/4/21,��,58
330001,���R��,�ʖ�s�A�V���s�A�}���s�A�ʖ�s�A���Ўs�A���Ўs�A���Ўs�A���Ўs�A�q�~�s�A�q�~�s�A�q�~�s�A�q�~�s�A�q�~�s�A�q�~�s�A�q�~�s�A�q�~�s�A���R�s�A���R�s�A���R�s�A���R�s�A���R�s�A���R�s�A���R�s�A���R�s�A���R�s�A���R�s�A���R�s�A���R�s�A���R�s�A���R�s�A���R�s�A���R�s�A���R�s�A���R�s�A���R�s�A���R�s�A���R�s�A���R�s�A���R�s�A���R�s�A���R�s�A���R�s�A���R�s�A���R�s�A���R�s,2021/4/22,��,45
330001,���R��,���Ɍ��A�}���s�A�}���s�A�����s�A�������A���Ўs�A�ʖ�s�A�ʖ�s�A�ʖ�s�A�ÎR�s�A���Ўs�A�Ԕ֎s�A���Ўs�A���Ўs�A���Ўs�A���Ўs�A���Ўs�A���Ўs�A�q�~�s�A�q�~�s�A�q�~�s�A�q�~�s�A�q�~�s�A�q�~�s�A�q�~�s�A�q�~�s�A�q�~�s�A�q�~�s�A�q�~�s�A�q�~�s�A�q�~�s�A�q�~�s�A�q�~�s�A�q�~�s�A�q�~�s�A�q�~�s�A�q�~�s�A�q�~�s�A�q�~�s�A�q�~�s�A�q�~�s�A�q�~�s�A�q�~�s�A�q�~�s�A���R�s�A���R�s�A���R�s�A���R�s�A���R�s�A���R�s�A���R�s�A���R�s�A���R�s�A���R�s�A���R�s�A���R�s�A���R�s�A���R�s�A���R�s�A���R�s�A���R�s�A���R�s,2021/4/23,��,62
330001,���R��,����s�A�}���s�A�����s�A����s�A�������A�������A���˓��s�A�ÎR�s�A���O�s�A���Ўs�A�ʖ�s�A�V���s�A�Ԕ֎s�A���Ўs�A���Ўs�A���˓��s�A���˓��s�A���˓��s�A���˓��s�A�ʖ�s�A�q�~�s�A�q�~�s�A�q�~�s�A�q�~�s�A�q�~�s�A�q�~�s�A�q�~�s�A�q�~�s�A�q�~�s�A�q�~�s�A�q�~�s�A�q�~�s�A�q�~�s�A�q�~�s�A�q�~�s�A�q�~�s�A�q�~�s�A�q�~�s�A�q�~�s�A�q�~�s�A�q�~�s�A�q�~�s�A�q�~�s�A�q�~�s�A�q�~�s�A�q�~�s�A�q�~�s�A�q�~�s�A�q�~�s�A�q�~�s�A�q�~�s�A�q�~�s�A�q�~�s�A���R�s�A���R�s�A���R�s�A���R�s�A���R�s�A���R�s�A���R�s�A���R�s�A���R�s�A���R�s�A���R�s�A���R�s�A���R�s�A���R�s�A���R�s�A���R�s�A���R�s�A���R�s�A���R�s�A���R�s�A���R�s�A���R�s�A���R�s�A���R�s�A���R�s�A���R�s�A���R�s�A���R�s�A���R�s�A���R�s�A���R�s�A���R�s�A���R�s�A���R�s�A���R�s�A���O,2021/4/24,�y,89
330001,���R��,�ʖ�s�A���˓��s�A�ʖ�s�A���Ўs�A�Ԕ֎s�A���O�s�A���Ўs�A�������A�������A���O�s�A���Ўs�A�ʖ�s�A�ʖ�s�A�ʖ�s�A�q�~�s�A�q�~�s�A�q�~�s�A�q�~�s�A�q�~�s�A�q�~�s�A�q�~�s�A�q�~�s�A�q�~�s�A�q�~�s�A�q�~�s�A�q�~�s�A�q�~�s�A�q�~�s�A�q�~�s�A�q�~�s�A�q�~�s�A�q�~�s�A�q�~�s�A�q�~�s�A�q�~�s�A�q�~�s�A�q�~�s�A�q�~�s�A�q�~�s�A�q�~�s�A�q�~�s�A�q�~�s�A�q�~�s�A�q�~�s�A�q�~�s�A�q�~�s�A�q�~�s�A���R�s�A���R�s�A���R�s�A���R�s�A���R�s�A���R�s�A���R�s�A���R�s�A���R�s�A���R�s�A���R�s�A���R�s�A���R�s�A���R�s�A���R�s�A���R�s�A���R�s�A���R�s,2021/4/25,��,65
330001,���R��,�ʖ�s�A�V���s�A���Ўs�A���Ўs�A���{�A���{�A�ÎR�s�A�ÎR�s�A���Ўs�A�q�~�s�A�q�~�s�A�q�~�s�A�q�~�s�A�q�~�s�A�q�~�s�A�q�~�s�A�q�~�s�A�q�~�s�A�q�~�s�A�q�~�s�A�q�~�s�A�q�~�s�A�q�~�s�A���R�s�A���R�s�A���R�s�A���R�s�A���R�s�A���R�s�A���R�s�A���R�s�A���R�s�A���R�s�A���R�s�A���R�s�A���R�s�A���R�s�A���R�s,2021/4/26,��,38
330001,���R��,�ÎR�s�A�ÎR�s�A���Ўs�A���Ўs�A���Ўs�A���Ўs�A���Ўs�A����s�A�ʖ�s�A�ʖ�s�A�ʖ�s�A�ʖ�s�A�ʖ�s�A����s�A�ÎR�s�A�����q���A����\�A�q�~�s�A�q�~�s�A�q�~�s�A�q�~�s�A�q�~�s�A�q�~�s�A�q�~�s�A�q�~�s�A�q�~�s�A�q�~�s�A���R�s�A���R�s�A���R�s�A���R�s�A���R�s�A���R�s�A���R�s�A���R�s�A���R�s�A���R�s�A���R�s�A���R�s�A���R�s�A���R�s�A���O�A���R�s�A���R�s�A���R�s�A���R�s�A���R�s�A���R�s�A���R�s�A���R�s�A���R�s�A���R�s�A���R�s�A���R�s�A���R�s�A���R�s�A���R�s�A���R�s,2021/4/27,��,47
330001,���R��,��|���A��|���A��|���A���Ўs�A�ʖ�s�A�ʖ�s�A�����s�A�}���s�A���O�s�A�V���s�A�^��s�A���Ўs�A���Ўs�A���Ўs�A���Ўs�A���Ўs�A���Ўs�A���Ўs�A���Ўs�A���Ўs�A���Ўs�A���Ўs�A���Ўs�A�q�~�s�A�q�~�s�A�q�~�s�A�q�~�s�A�q�~�s�A�q�~�s�A�q�~�s�A�q�~�s�A�q�~�s�A�q�~�s�A�q�~�s�A�q�~�s�A�q�~�s�A�q�~�s�A�q�~�s�A�q�~�s�A�q�~�s�A�q�~�s�A�q�~�s�A�q�~�s�A�q�~�s�A�q�~�s�A�q�~�s�A�q�~�s�A�q�~�s�A�q�~�s�A�q�~�s�A�q�~�s�A�q�~�s�A�q�~�s�A�q�~�s�A�q�~�s�A�q�~�s�A���R�s�A���R�s�A���R�s�A���R�s�A���R�s�A���R�s�A���R�s�A���R�s�A���R�s�A���R�s�A���R�s�A���R�s�A���R�s�A���R�s�A���R�s�A���R�s�A���R�s�A���R�s�A���R�s�A���R�s�A���R�s�A���R�s�A���R�s�A���R�s�A���R�s�A���R�s�A���R�s�A���R�s�A���R�s�A���R�s�A���R�s,2021/4/28,��,87
330001,���R��,�ʖ�s�A���˓��s�A���Ўs�A���Ўs�A�ÎR�s�A�^��s�A�����s�A���Ўs�A�^��s�A�^��s�A�ʖ�s�A�^��s�A�^��s�A�^��s�A�^��s�A�^��s�A�g���������A���Ўs�A���Ўs�A�^��s�A�^��s�A�^��s�A�^��s�A�^��s�A�^��s�A�^��s�A�^��s�A�^��s�A�^��s�A�^��s�A�q�~�s�A�q�~�s�A�q�~�s�A�q�~�s�A�q�~�s�A�q�~�s�A�q�~�s�A�q�~�s�A�q�~�s�A�q�~�s�A�q�~�s�A�q�~�s�A�q�~�s�A�q�~�s�A�q�~�s�A�q�~�s�A�q�~�s�A�q�~�s�A�q�~�s�A�q�~�s�A�q�~�s�A�q�~�s�A�q�~�s�A�q�~�s�A�q�~�s�A�q�~�s�A���R�s�A���R�s�A���R�s�A���R�s�A���R�s�A���R�s�A���R�s�A���R�s�A���R�s�A���R�s�A���R�s�A���R�s�A���R�s�A���R�s�A���R�s�A���R�s�A���R�s�A���R�s�A���R�s�A���R�s�A���R�s�A���R�s�A���R�s�A���R�s�A���R�s�A���R�s�A���R�s�A���R�s�A���R�s�A���R�s�A���R�s�A���R�s�A���R�s�A���R�s�A���R�s�A���R�s�A���R�s�A���R�s�A���R�s�A���R�s�A���R�s�A���R�s�A���R�s,2021/4/29,��,99
330001,���R��,�q�~�s�A�q�~�s�A�q�~�s�A�q�~�s�A�q�~�s�A�q�~�s�A�q�~�s�A�q�~�s�A�q�~�s�A�q�~�s�A�q�~�s�A�q�~�s�A�q�~�s�A�q�~�s�A���R�s�A���R�s�A���R�s�A���R�s�A���R�s�A���R�s�A���R�s�A���R�s�A���R�s�A���R�s�A���R�s�A���R�s�A���R�s�A���R�s�A���R�s�A���R�s�A���R�s�A���R�s�A���R�s�A���R�s�A���R�s�A���R�s,2021/4/30,��,74
330001,���R��,�V���s�A�����s�A���Ўs�A���O�s�A���O�s�A���O�s�A���O�s�A���˓��s�A�ʖ�s�A�ʖ�s�A�ʖ�s�A��|���A�ÎR�s�A�^��s�A�q�~�s�A�q�~�s�A�q�~�s�A�q�~�s�A�q�~�s�A�q�~�s�A�q�~�s�A�q�~�s�A�q�~�s�A�q�~�s�A�q�~�s�A�q�~�s�A�q�~�s�A�q�~�s�A���R�s�A���R�s�A���R�s�A���R�s�A���R�s�A���R�s�A���R�s�A���R�s�A���R�s�A���R�s�A���R�s�A���R�s�A���R�s�A���R�s�A���R�s�A���R�s�A���R�s�A���R�s�A���R�s�A���R�s�A���R�s�A���R�s�A���R�s�A���R�s�A���R�s�A���R�s�A���R�s�A���R�s�A���R�s�A���R�s�A���R�s�A���R�s�A���R�s�A���R�s�A���R�s�A���R�s�A���R�s�A���R�s�A���R�s�A���R�s�A���R�s�A���R�s�A���R�s�A���R�s�A���R�s�A���R�s�A���R�s�A���R�s,2021/5/1,�y,76
330001,���R��,����s�A�ʖ�s�A���Ўs�A���Ўs�A�ÎR�s�A�ÎR�s�A���O�s�A�ʖ�s�A�ʖ�s�A�ÎR�s�A�ÎR�s�A�ʖ�s�A�q�~�s�A�q�~�s�A�q�~�s�A�q�~�s�A�q�~�s�A�q�~�s�A�q�~�s�A�q�~�s�A�q�~�s�A�q�~�s�A�q�~�s�A�q�~�s�A�q�~�s�A�q�~�s�A�q�~�s�A�q�~�s�A�q�~�s�A�q�~�s�A�q�~�s�A�q�~�s�A�q�~�s�A�q�~�s�A�q�~�s�A�q�~�s�A�q�~�s�A�q�~�s�A�q�~�s�A�q�~�s�A�q�~�s�A�q�~�s�A�q�~�s�A�q�~�s�A�q�~�s�A�q�~�s�A�q�~�s�A�q�~�s�A�q�~�s�A�q�~�s�A�q�~�s�A���R�s�A���R�s�A���R�s�A���R�s�A���R�s�A���R�s�A���R�s�A���R�s�A���R�s�A���R�s�A���R�s�A���R�s�A���R�s�A���R�s�A���R�s�A���R�s�A���R�s�A���R�s�A���R�s�A���R�s�A���R�s�A���R�s�A���R�s�A���R�s�A���R�s�A���R�s�A���R�s�A���R�s�A���R�s�A���R�s�A���R�s�A���R�s�A���R�s�A���R�s�A���R�s�A���R�s�A���R�s�A���R�s�A���R�s�A���R�s�A���R�s�A���R�s�A���R�s�A���R�s�A���R�s�A���R�s�A���R�s�A���R�s�A���R�s�A���R�s�A���R�s�A���R�s�A���R�s�A���R�s�A���R�s�A���R�s�A���R�s�A���R�s�A���R�s�A���R�s�A���R�s�A���R�s�A���R�s�A���R�s,2021/5/2,��,114
330001,���R��,�����s�A�ʖ�s�A�^��s�A�}���s�A�^��s�A�ʖ�s�A�ʖ�s�A�^��s�A�^��s�A�^��s�A�^��s�A�^��s�A�^��s�A���O�s�A�^��s�A�q�~�s�A�q�~�s�A�q�~�s�A�q�~�s�A�q�~�s�A�q�~�s�A�q�~�s�A�q�~�s�A�q�~�s�A�q�~�s�A�q�~�s�A�q�~�s�A�q�~�s�A�q�~�s�A�q�~�s�A�q�~�s�A�q�~�s�A�q�~�s�A�q�~�s�A�q�~�s�A�q�~�s�A�q�~�s�A�q�~�s�A�q�~�s�A�q�~�s�A�q�~�s�A�q�~�s�A�q�~�s�A�q�~�s�A�q�~�s�A�q�~�s�A�q�~�s�A�q�~�s�A�q�~�s�A�q�~�s�A�q�~�s�A�q�~�s�A�q�~�s�A�q�~�s�A�q�~�s�A�q�~�s�A�q�~�s�A�q�~�s�A�q�~�s�A���R�s�A���R�s�A���R�s�A���R�s�A���R�s�A���R�s�A���R�s�A���R�s�A���R�s�A���R�s�A���R�s�A���R�s�A���R�s�A���R�s�A���R�s�A���R�s�A���R�s�A���R�s�A���R�s�A���R�s�A���R�s�A���R�s�A���R�s�A���R�s�A���R�s�A���R�s�A���R�s�A���R�s�A���R�s�A���R�s�A���R�s�A���R�s�A���R�s�A���R�s�A���R�s�A���R�s�A���R�s�A���R�s�A���R�s�A���R�s�A���R�s�A���R�s�A���R�s�A���R�s�A���R�s�A���R�s�A���R�s�A���R�s�A���R�s�A���R�s�A���R�s�A���R�s�A���R�s�A���R�s�A���R�s�A���R�s�A���R�s�A���R�s�A���R�s�A���R�s�A���R�s,2021/5/3,��,109
330001,���R��,�}���s�A���O�s�A�䌴�s�A���˓��s�A���˓��s�A�q�~�s�A�q�~�s�A�q�~�s�A�q�~�s�A�q�~�s�A�q�~�s�A�q�~�s�A�q�~�s�A�q�~�s�A�q�~�s�A�q�~�s�A�q�~�s�A�q�~�s�A�q�~�s�A�q�~�s�A�q�~�s�A�q�~�s�A�q�~�s�A�q�~�s�A�q�~�s�A�q�~�s�A�q�~�s�A�q�~�s�A�q�~�s�A�q�~�s�A�q�~�s�A�q�~�s�A�q�~�s�A�q�~�s�A�q�~�s�A�q�~�s�A�q�~�s�A���R�s�A���R�s�A���R�s�A���R�s�A���R�s�A���R�s�A���R�s�A���O�A���R�s�A���R�s�A���R�s�A���R�s�A���R�s�A���R�s�A���R�s�A���R�s�A���R�s�A���R�s�A���R�s�A���R�s�A���R�s�A���R�s�A���R�s�A���R�s�A���R�s�A���R�s�A���R�s�A���R�s�A���R�s�A���R�s�A���R�s,2021/5/4,��,68
330001,���R��,�ʖ�s�A���Ўs�A�^��s�A�ÎR�s�A�Ԕ֎s�A�Ԕ֎s�A�ÎR�s�A�ʖ�s�A�ʖ�s�A�������A�������A�������A�q�~�s�A�q�~�s�A�q�~�s�A�q�~�s�A�q�~�s�A�q�~�s�A�q�~�s�A�q�~�s�A�q�~�s�A�q�~�s�A�q�~�s�A�q�~�s�A�q�~�s�A�q�~�s�A�q�~�s�A�q�~�s�A�q�~�s�A�q�~�s�A�q�~�s�A�q�~�s�A�q�~�s�A���R�s�A���R�s�A���R�s�A���R�s�A���R�s�A���R�s�A���R�s�A���R�s�A���R�s�A���R�s�A���R�s�A���R�s�A���R�s�A���R�s�A���R�s�A���R�s�A���R�s�A���R�s�A���R�s�A���R�s�A���R�s�A���R�s�A���R�s�A���R�s�A���R�s�A���R�s�A���R�s�A���R�s�A���R�s�A���R�s�A���R�s�A���R�s�A���R�s�A���R�s�A���R�s�A���R�s�A���R�s�A���R�s�A���R�s�A���R�s�A���R�s�A���R�s�A���R�s�A���R�s�A���R�s�A���R�s�A���R�s�A���R�s�A���R�s�A���R�s�A���R�s�A���R�s�A���R�s�A���R�s�A���R�s�A���R�s�A���R�s�A���R�s,2021/5/5,��,91
330001,���R��,�^��s�A���˓��s�A�V���s�A�Ԕ֎s�A�ʖ�s�A���˓��s�A�q�~�s�A�q�~�s�A�q�~�s�A�q�~�s�A�q�~�s�A�q�~�s�A�q�~�s�A�q�~�s�A�q�~�s�A�q�~�s�A�q�~�s�A�q�~�s�A�q�~�s�A�q�~�s�A�q�~�s�A�q�~�s�A�q�~�s�A�q�~�s�A�q�~�s�A�q�~�s�A�q�~�s�A�q�~�s�A�q�~�s�A�q�~�s�A�q�~�s�A�q�~�s�A�q�~�s�A�q�~�s�A�q�~�s�A�q�~�s�A�q�~�s�A�q�~�s�A�q�~�s�A�q�~�s�A�q�~�s�A���R�s�A���R�s�A���R�s�A���R�s�A���R�s�A���R�s�A���R�s�A���R�s�A���R�s�A���R�s�A���R�s�A���R�s�A���R�s�A���R�s�A���R�s�A���R�s�A���R�s�A���R�s�A���R�s�A���R�s�A���R�s�A���R�s�A���R�s�A���R�s�A���R�s�A���R�s�A���R�s�A���R�s�A���R�s�A���R�s�A���R�s�A���R�s�A���R�s�A���R�s�A���R�s�A���R�s�A���R�s�A���R�s�A���R�s�A���R�s�A���R�s�A���R�s�A���R�s�A���R�s�A���R�s�A���R�s�A���R�s�A���R�s�A���R�s�A���R�s�A���R�s�A���R�s�A���R�s�A���R�s�A���R�s�A���R�s�A���R�s�A���R�s�A���R�s�A���R�s�A���R�s�A���R�s�A���R�s�A���R�s�A���R�s�A���R�s�A���R�s�A���R�s�A���R�s�A���R�s�A���R�s�A���R�s�A���R�s,2021/5/6,��,114
330001,���R��,���O�s�A�Ԕ֎s�A�����s�A���˓��s�A�����s�A�����s�A�Ԕ֎s�A�ÎR�s�A�q�~�s�A�q�~�s�A�q�~�s�A�q�~�s�A�q�~�s�A�q�~�s�A�q�~�s�A�q�~�s�A�q�~�s�A�q�~�s�A�q�~�s�A�q�~�s�A�q�~�s�A�q�~�s�A�q�~�s�A�q�~�s�A�q�~�s�A�q�~�s�A�q�~�s�A�q�~�s�A�q�~�s�A�q�~�s�A�q�~�s�A�q�~�s�A�q�~�s�A�q�~�s�A�q�~�s�A�q�~�s�A���R�s�A���R�s�A���R�s�A���R�s�A���R�s�A���R�s�A���R�s�A���R�s�A���R�s�A���R�s�A���R�s�A���R�s�A���R�s�A���R�s�A���R�s�A���R�s�A���R�s�A���R�s�A���R�s�A���R�s�A���R�s�A���R�s�A���R�s�A���R�s�A���R�s�A���R�s�A���R�s�A���R�s�A���R�s�A���R�s�A���R�s�A���R�s�A���R�s�A���R�s�A���R�s�A���R�s�A���R�s�A���R�s�A���R�s�A���R�s�A���R�s�A���R�s�A���R�s�A���R�s�A���R�s�A���R�s�A���R�s�A���R�s�A���R�s�A���R�s�A���R�s�A���R�s�A���R�s�A���R�s�A���R�s�A���R�s�A���R�s�A���R�s�A���R�s�A���R�s�A���R�s�A���R�s�A���R�s�A���R�s�A���R�s�A���R�s�A���R�s�A���R�s�A���R�s�A���R�s�A���R�s�A���R�s�A���R�s�A���R�s�A���R�s�A���R�s�A���R�s�A���R�s�A���R�s�A���R�s�A���R�s�A���R�s�A���R�s�A���R�s�A���R�s�A���R�s�A���R�s�A���R�s�A���R�s�A���R�s�A���R�s�A���R�s�A���R�s,2021/5/7,��,129
330001,���R��,�V���s�A�V���s�A���˓��s�A���˓��s�A�Ԕ֎s�A�Ԕ֎s�A�Ԕ֎s�A�}���s�A���O�s�A���O�s�A���Ўs�A���Ўs�A���Ўs�A���Ўs�A��|���A�������A�É����A�q�~�s�A�q�~�s�A�q�~�s�A�q�~�s�A�q�~�s�A�q�~�s�A�q�~�s�A�q�~�s�A�q�~�s�A�q�~�s�A�q�~�s�A�q�~�s�A�q�~�s�A�q�~�s�A�q�~�s�A�q�~�s�A�q�~�s�A�q�~�s�A�q�~�s�A�q�~�s�A�q�~�s�A�q�~�s�A�q�~�s�A�q�~�s�A�q�~�s�A�q�~�s�A�q�~�s�A�q�~�s�A�q�~�s�A�q�~�s�A�q�~�s�A�q�~�s�A�q�~�s�A�q�~�s�A�q�~�s�A�q�~�s�A�q�~�s�A�q�~�s�A�q�~�s�A�q�~�s�A�q�~�s�A�q�~�s�A�q�~�s�A�q�~�s�A�q�~�s�A�q�~�s�A�q�~�s�A�q�~�s�A�q�~�s�A�q�~�s�A�q�~�s�A�q�~�s�A�q�~�s�A�q�~�s�A���R�s�A���R�s�A���R�s�A���R�s�A���R�s�A���R�s�A���R�s�A���R�s�A���R�s�A���R�s�A���R�s�A���R�s�A���R�s�A���R�s�A���R�s�A���R�s�A���R�s�A���R�s�A���R�s�A���R�s�A���R�s�A���R�s�A���R�s�A���R�s�A���R�s�A���R�s�A���R�s�A���R�s�A���R�s�A���R�s�A���R�s�A���R�s�A���R�s�A���R�s�A���R�s�A���R�s�A���R�s�A���R�s�A���R�s�A���R�s�A���R�s�A���R�s�A���R�s�A���R�s�A���R�s�A���R�s�A���R�s�A���R�s�A���R�s�A���R�s�A���R�s�A���R�s�A���R�s�A���R�s�A���R�s�A���R�s�A���R�s�A���R�s�A���R�s�A���R�s�A���R�s�A���R�s�A���R�s�A���R�s�A���R�s�A���R�s�A���R�s�A���R�s�A���R�s�A���R�s�A���R�s�A���R�s�A���R�s�A���R�s�A���R�s�A���R�s�A���R�s�A���R�s�A���R�s�A���R�s�A���R�s�A���R�s�A���R�s�A���R�s�A���R�s�A���R�s�A���R�s�A���R�s�A���R�s�A���R�s�A���R�s�A���R�s�A���R�s�A���R�s�A���R�s�A���R�s�A���R�s�A���R�s�A���R�s�A���R�s�A���R�s�A���R�s�A���R�s�A���R�s�A���R�s�A���R�s�A���R�s�A���R�s�A���R�s�A���R�s�A���R�s�A���R�s�A���R�s�A���R�s�A���R�s�A���R�s�A���R�s�A���R�s,2021/5/8,�y,189
330001,���R��,�}���s�A���˓��s�A���˓��s�A�Ԕ֎s�A���Ўs�A���Ўs�A�g���������A�����q���A�������A���璬�A���Ўs�A���O�s�A���Ўs�A�Ԕ֎s�A���O�s�A�a�C���A�q�~�s�A�q�~�s�A�q�~�s�A�q�~�s�A�q�~�s�A�q�~�s�A�q�~�s�A�q�~�s�A�q�~�s�A�q�~�s�A�q�~�s�A�q�~�s�A�q�~�s�A�q�~�s�A�q�~�s�A�q�~�s�A�q�~�s�A�q�~�s�A�q�~�s�A�q�~�s�A�q�~�s�A�q�~�s�A�q�~�s�A�q�~�s�A�q�~�s�A�q�~�s�A�q�~�s�A�q�~�s�A�q�~�s�A�q�~�s�A�q�~�s�A�q�~�s�A�q�~�s�A�q�~�s�A�q�~�s�A�q�~�s�A�q�~�s�A�q�~�s�A�q�~�s�A�q�~�s�A�q�~�s�A�q�~�s�A�q�~�s�A�q�~�s�A�q�~�s�A�q�~�s�A�q�~�s�A�q�~�s�A���R�s�A���R�s�A���R�s�A���R�s�A���R�s�A���R�s�A���R�s�A���R�s�A���R�s�A���R�s�A���R�s�A���R�s�A���R�s�A���R�s�A���R�s�A���R�s�A���R�s�A���R�s�A���R�s�A���R�s�A���R�s�A���R�s�A���R�s�A���R�s�A���R�s�A���R�s�A���R�s�A���R�s�A���R�s�A���R�s�A���R�s�A���R�s�A���R�s�A���R�s�A���R�s�A���R�s�A���R�s�A���R�s�A���R�s�A���R�s�A���R�s�A���R�s�A���R�s�A���R�s�A���R�s�A���R�s�A���R�s�A���R�s�A���R�s�A���R�s�A���R�s�A���R�s�A���R�s�A���R�s�A���R�s�A���R�s�A���R�s�A���R�s�A���R�s�A���R�s�A���R�s�A���R�s�A���R�s�A���R�s�A���R�s�A���R�s�A���R�s�A���R�s�A���R�s�A���R�s�A���R�s�A���R�s�A���R�s�A���R�s�A���R�s�A���R�s�A���R�s�A���R�s�A���R�s�A���R�s�A���R�s�A���R�s�A���R�s�A���R�s�A���R�s�A���R�s�A���R�s,2021/5/9,��,151
330001,���R��,����s�A�����s�A���Ўs�A�^��s�A�^��s�A���Ўs�A���Ўs�A���Ўs�A�Ԕ֎s�A���O�s�A�������A���Ўs�A���O�s�A���璬�A�q�~�s�A�q�~�s�A�q�~�s�A�q�~�s�A�q�~�s�A�q�~�s�A�q�~�s�A�q�~�s�A�q�~�s�A�q�~�s�A�q�~�s�A�q�~�s�A�q�~�s�A�q�~�s�A�q�~�s�A�q�~�s�A�q�~�s�A�q�~�s�A�q�~�s�A�q�~�s�A�q�~�s�A�q�~�s�A�q�~�s�A�q�~�s�A�q�~�s�A�q�~�s�A�q�~�s�A�q�~�s�A�q�~�s�A�q�~�s�A�q�~�s�A�q�~�s�A�q�~�s�A�q�~�s�A�q�~�s�A�q�~�s�A�q�~�s�A�q�~�s�A�q�~�s�A�q�~�s�A���R�s�A���R�s�A���R�s�A���R�s�A���R�s�A���R�s�A���R�s�A���R�s�A���R�s�A���R�s�A���R�s�A���R�s�A���R�s�A���R�s�A���R�s�A���R�s�A���R�s�A���R�s�A���R�s�A���R�s�A���R�s�A���R�s�A���R�s�A���R�s�A���R�s�A���R�s�A���R�s�A���R�s�A���R�s�A���R�s�A���R�s�A���R�s�A���R�s�A���R�s�A���R�s�A���R�s�A���R�s�A���R�s�A���R�s�A���R�s�A���R�s�A���R�s�A���R�s�A���R�s�A���R�s�A���R�s�A���R�s�A���R�s�A���R�s�A���R�s�A���R�s�A���R�s�A���R�s�A���R�s�A���R�s�A���R�s�A���R�s�A���R�s�A���R�s�A���R�s�A���R�s�A���R�s�A���R�s�A���R�s�A���R�s�A���R�s�A���R�s�A���R�s�A���R�s�A���R�s�A���R�s�A���R�s�A���R�s�A���R�s�A���R�s�A���R�s�A���R�s�A���R�s�A���R�s�A���R�s�A���R�s�A���R�s�A���R�s,2021/5/10,��,137
330001,���R��,�����s�A�����s�A���˓��s�A���˓��s�A�^��s�A�^��s�A����s�A�䌴�s�A�Ԕ֎s�A�a�C���A�Ԕ֎s�A�V���s�A���Ўs�A���Ўs�A�����s�A�}���s�A�䌴�s�A�䌴�s�A�Ԕ֎s�A�g���������A�ʖ�s�A����s�A����s�A�������A�������A���O�s�A���璬�A���Ўs�A���O�s�A�ʖ�s�A�q�~�s�A�q�~�s�A�q�~�s�A�q�~�s�A�q�~�s�A�q�~�s�A�q�~�s�A�q�~�s�A�q�~�s�A�q�~�s�A�q�~�s�A�q�~�s�A�q�~�s�A�q�~�s�A���R�s�A���R�s�A���R�s�A���R�s�A���R�s�A���R�s�A���R�s�A���R�s�A���R�s�A���R�s�A���R�s�A���R�s�A���R�s�A���R�s�A���R�s�A���R�s�A���R�s�A���R�s�A���R�s�A���R�s�A���R�s�A���R�s�A���R�s�A���R�s�A���R�s�A���R�s�A���R�s�A���R�s�A���R�s�A���R�s�A���R�s�A���R�s�A���R�s�A���R�s�A���R�s�A���R�s�A���R�s�A���R�s�A���R�s�A���R�s�A���R�s�A���R�s�A���R�s�A���R�s�A���R�s�A���R�s�A���R�s�A���R�s�A���R�s�A���R�s�A���R�s�A���R�s�A���R�s�A���R�s�A���R�s�A���R�s�A���R�s�A���R�s�A���R�s�A���R�s�A���R�s�A���R�s�A���R�s�A���R�s�A���R�s�A���R�s�A���R�s�A���R�s�A���R�s�A���R�s�A���R�s�A���R�s�A���R�s�A���R�s�A���R�s�A���R�s�A���R�s�A���R�s�A���R�s�A���R�s�A���R�s�A���R�s�A���R�s�A���R�s�A���R�s�A���R�s�A���R�s�A���R�s�A���R�s,2021/5/11,��,133
330001,���R��,�}���s�A�}���s�A�䌴�s�A���˓��s�A���O�s�A�������A�䌴�s�A�V���s�A�^��s�A�Ԕ֎s�A�^��s�A�^��s�A�ÎR�s�A�ʖ�s�A�������A�Ԕ֎s�A�Ԕ֎s�A�Ԕ֎s�A�V���s�A�ʖ�s�A�ʖ�s�A�ʖ�s�A�ÎR�s�A���Ўs�A���O�s�A�������A�q�~�s�A�q�~�s�A�q�~�s�A�q�~�s�A�q�~�s�A�q�~�s�A�q�~�s�A�q�~�s�A�q�~�s�A�q�~�s�A�q�~�s�A�q�~�s�A�q�~�s�A�q�~�s�A�q�~�s�A�q�~�s�A�q�~�s�A�q�~�s�A�q�~�s�A�q�~�s�A�q�~�s�A�q�~�s�A�q�~�s�A�q�~�s�A�q�~�s�A�q�~�s�A�q�~�s�A�q�~�s�A�q�~�s�A�q�~�s�A�q�~�s�A�q�~�s�A�q�~�s�A�q�~�s�A�q�~�s�A�q�~�s�A�q�~�s�A�q�~�s�A�q�~�s�A�q�~�s�A�q�~�s�A�q�~�s�A�q�~�s�A�q�~�s�A�q�~�s�A�q�~�s�A���R�s�A���R�s�A���R�s�A���R�s�A���R�s�A���R�s�A���R�s�A���R�s�A���R�s�A���R�s�A���R�s�A���R�s�A���R�s�A���R�s�A���R�s�A���R�s�A���R�s�A���R�s�A���R�s�A���R�s�A���R�s�A���R�s�A���R�s�A���R�s�A���R�s�A���R�s�A���R�s�A���R�s�A���R�s�A���R�s�A���R�s�A���R�s�A���R�s�A���R�s�A���R�s�A���R�s�A���R�s�A���R�s�A���R�s�A���R�s�A���R�s�A���R�s�A���R�s�A���R�s�A���R�s�A���R�s�A���R�s�A���R�s�A���R�s�A���R�s�A���R�s�A���R�s�A���R�s�A���R�s�A���R�s�A���R�s�A���R�s�A���R�s�A���R�s�A���R�s�A���R�s�A���R�s�A���R�s�A���R�s�A���R�s�A���R�s�A���R�s�A���R�s�A���R�s�A���R�s�A���R�s�A���R�s�A���R�s�A���R�s�A���R�s�A���R�s�A���R�s�A���R�s�A���R�s�A���R�s�A���R�s�A���R�s�A���R�s�A���R�s�A���R�s�A���R�s�A���R�s�A���R�s�A���R�s�A���R�s�A���R�s�A���R�s�A���R�s�A���R�s�A���R�s�A���R�s�A���R�s�A���R�s�A���R�s�A���R�s�A���R�s�A���R�s�A���R�s�A���R�s�A���R�s�A���R�s�A���R�s�A���R�s�A���R�s�A���R�s�A���R�s�A���R�s�A���R�s�A���R�s,2021/5/12,��,186
330001,���R��,�}���s�A�}���s�A�����s�A�^��s�A�^��s�A�^��s�A���Ўs�A���Ўs�A�������A�}���s�A�}���s�A�ʖ�s�A�V���s�A�ʖ�s�A�g���������A�ÎR�s�A�ÎR�s�A����s�A����s�A���Ўs�A���˓��s�A���˓��s�A���Ўs�A���Ўs�A���Ўs�A�������A�q�~�s�A�q�~�s�A�q�~�s�A�q�~�s�A�q�~�s�A�q�~�s�A�q�~�s�A�q�~�s�A�q�~�s�A�q�~�s�A�q�~�s�A�q�~�s�A�q�~�s�A�q�~�s�A�q�~�s�A�q�~�s�A�q�~�s�A�q�~�s�A�q�~�s�A�q�~�s�A�q�~�s�A�q�~�s�A�q�~�s�A�q�~�s�A�q�~�s�A�q�~�s�A�q�~�s�A�q�~�s�A�q�~�s�A�q�~�s�A�q�~�s�A�q�~�s�A�q�~�s�A�q�~�s�A�q�~�s�A�q�~�s�A�q�~�s�A�q�~�s�A�q�~�s�A�q�~�s�A�q�~�s�A���R�s�A���R�s�A���R�s�A���R�s�A���R�s�A���R�s�A���R�s�A���R�s�A���R�s�A���R�s�A���R�s�A���R�s�A���R�s�A���R�s�A���R�s�A���R�s�A���R�s�A���R�s�A���R�s�A���R�s�A���R�s�A���R�s�A���R�s�A���R�s�A���R�s�A���R�s�A���R�s�A���R�s�A���R�s�A���R�s�A���R�s�A���R�s�A���R�s�A���R�s�A���R�s�A���R�s�A���R�s�A���R�s�A���R�s�A���R�s�A���R�s�A���R�s�A���R�s�A���R�s�A���R�s�A���R�s�A���R�s�A���R�s�A���R�s�A���R�s�A���R�s�A���R�s�A���R�s�A���R�s�A���R�s�A���R�s�A���R�s�A���R�s�A���R�s�A���R�s�A���R�s�A���R�s�A���R�s�A���R�s�A���R�s�A���R�s�A���R�s�A���R�s�A���R�s�A���R�s�A���R�s�A���R�s�A���R�s�A���R�s�A���R�s�A���R�s�A���R�s�A���R�s�A���R�s�A���R�s�A���R�s�A���R�s�A���R�s�A���R�s�A���R�s�A���R�s�A���R�s�A���R�s�A���R�s�A���R�s�A���R�s�A���R�s�A���R�s�A���R�s�A���R�s�A���R�s�A���R�s�A���R�s�A���R�s�A���R�s�A���R�s�A���R�s�A���R�s�A���R�s,2021/5/13,��,171
330001,���R��,�V���s�A���Ўs�A�䌴�s�A����s�A�������A�������A���Ўs�A���O�s�A���O�s�A�Ԕ֎s�A�ʖ�s�A���Ўs�A���Ўs�A���Ўs�A���Ўs�A�V���s�A�V���s�A�V���s�A�V���s�A�}���s�A��|���A�Ԕ֎s�A���Ўs�A���Ўs�A���Ўs�A���Ўs�A���Ўs�A���Ўs�A�������A�Ԕ֎s�A�q�~�s�A�q�~�s�A�q�~�s�A�q�~�s�A�q�~�s�A�q�~�s�A�q�~�s�A�q�~�s�A�q�~�s�A�q�~�s�A�q�~�s�A�q�~�s�A�q�~�s�A�q�~�s�A�q�~�s�A�q�~�s�A�q�~�s�A�q�~�s�A�q�~�s�A�q�~�s�A�q�~�s�A�q�~�s�A�q�~�s�A�q�~�s�A�q�~�s�A�q�~�s�A�q�~�s�A�q�~�s�A�q�~�s�A�q�~�s�A�q�~�s�A�q�~�s�A�q�~�s�A�q�~�s�A�q�~�s�A�q�~�s�A�q�~�s�A�q�~�s�A�q�~�s�A�q�~�s�A�q�~�s�A�q�~�s�A�q�~�s�A�q�~�s�A�q�~�s�A�q�~�s�A�q�~�s�A�q�~�s�A�q�~�s�A���R�s�A���R�s�A���R�s�A���R�s�A���R�s�A���R�s�A���R�s�A���R�s�A���R�s�A���R�s�A���R�s�A���R�s�A���R�s�A���R�s�A���R�s�A���R�s�A���R�s�A���R�s�A���R�s�A���R�s�A���R�s�A���R�s�A���R�s�A���R�s�A���R�s�A���R�s�A���R�s�A���R�s�A���R�s�A���R�s�A���R�s�A���R�s�A���R�s�A���R�s�A���R�s�A���R�s�A���R�s�A���R�s�A���R�s�A���R�s�A���R�s�A���R�s�A���R�s�A���R�s�A���R�s�A���R�s�A���R�s�A���R�s�A���R�s�A���R�s�A���R�s�A���R�s�A���R�s�A���R�s�A���R�s�A���R�s�A���R�s�A���R�s�A���R�s�A���R�s�A���R�s�A���R�s�A���R�s�A���R�s�A���R�s�A���R�s�A���R�s�A���R�s�A���R�s�A���R�s�A���R�s�A���R�s�A���R�s�A���R�s�A���R�s�A���R�s�A���R�s�A���R�s�A���R�s�A���R�s�A���R�s�A���R�s�A���R�s�A���R�s�A���R�s�A���R�s�A���R�s,2021/5/14,��,166
330001,���R��,�}���s�A����s�A�䌴�s�A�ÎR�s�A�������A�V���s�A���O�s�A���˓��s�A���˓��s�A�����s�A�^��s�A���O�s�A�^��s�A���O�s�A�ÎR�s�A�ÎR�s�A�ÎR�s�A�v�ē쒬�A�^��s�A�^��s�A�^��s�A�ʖ�s�A���Ўs�A���Ўs�A���Ўs�A�V���s�A���Ўs�A�ÎR�s�A���˓��s�A���˓��s�A���˓��s�A�V���s�A�V���s�A�V���s�A�V���s�A�q�~�s�A�q�~�s�A�q�~�s�A�q�~�s�A�q�~�s�A�q�~�s�A�q�~�s�A�q�~�s�A�q�~�s�A�q�~�s�A�q�~�s�A�q�~�s�A�q�~�s�A�q�~�s�A�q�~�s�A�q�~�s�A�q�~�s�A�q�~�s�A�q�~�s�A�q�~�s�A�q�~�s�A�q�~�s�A�q�~�s�A�q�~�s�A�q�~�s�A�q�~�s�A�q�~�s�A�q�~�s�A�q�~�s�A�q�~�s�A�q�~�s�A�q�~�s�A�q�~�s�A�q�~�s�A�q�~�s�A�q�~�s�A�q�~�s�A�q�~�s�A�q�~�s�A���R�s�A���R�s�A���R�s�A���R�s�A���R�s�A���R�s�A���R�s�A���R�s�A���R�s�A���R�s�A���R�s�A���R�s�A���R�s�A���R�s�A���R�s�A���R�s�A���R�s�A���R�s�A���R�s�A���R�s�A���R�s�A���R�s�A���R�s�A���R�s�A���R�s�A���R�s�A���R�s�A���R�s�A���R�s�A���R�s�A���R�s�A���R�s�A���R�s�A���R�s�A���R�s�A���R�s�A���R�s�A���R�s�A���R�s�A���R�s�A���R�s�A���R�s�A���R�s�A���R�s�A���R�s�A���R�s�A���R�s�A���R�s�A���R�s�A���R�s�A���R�s�A���R�s�A���R�s�A���R�s�A���R�s�A���R�s�A���R�s�A���R�s�A���R�s�A���R�s�A���R�s�A���R�s�A���R�s�A���R�s�A���R�s�A���R�s�A���R�s�A���R�s�A���R�s�A���R�s�A���R�s�A���R�s�A���R�s�A���R�s�A���R�s�A���R�s�A���R�s�A���R�s�A���R�s�A���R�s�A���R�s�A���R�s�A���R�s�A���R�s�A���R�s�A���R�s�A���R�s�A���R�s�A���R�s�A���R�s�A���R�s�A���R�s�A���R�s�A���R�s�A���R�s�A���R�s�A���R�s�A���R�s�A���R�s�A���R�s�A���R�s�A���R�s�A���R�s�A���R�s�A���R�s�A���R�s�A���R�s�A���R�s�A���R�s�A���R�s�A���R�s,2021/5/15,�y,185
330001,���R��,"�ʖ�s�A���O�s�A���O�s�A���O�s�A��|���A�V���s�A���Ўs�A���O�s�A���˓��s�A���˓��s�A�ÎR�s�A���˓��s�A�ÎR�s�A���Ўs�A���Ўs�A���Ўs�A���Ўs�A���Ўs�A���Ўs�A���Ўs�A���Ўs�A���Ўs�A���Ўs�A���Ўs�A���Ўs�A���Ўs�A���Ўs�A���Ўs�A���Ўs�A���Ўs�A���Ўs�A���Ўs�A�^��s�A�^��s�A�^��s�A�^��s�A�^��s�A���Ўs�A�������A�q�~�s�A�q�~�s�A�q�~�s�A�q�~�s�A�q�~�s�A�q�~�s�A�q�~�s�A�q�~�s�A�q�~�s�A�q�~�s�A�q�~�s�A�q�~�s�A�q�~�s�A�q�~�s�A�q�~�s�A�q�~�s�A�q�~�s�A�q�~�s�A�q�~�s�A�q�~�s�A�q�~�s�A�q�~�s�A�q�~�s�A�q�~�s�A�q�~�s�A�q�~�s�A�q�~�s�A�q�~�s�A�q�~�s�A�q�~�s�A�q�~�s�A�q�~�s�A�q�~�s�A�q�~�s�A�q�~�s�A�q�~�s�A�q�~�s�A�q�~�s�A�q�~�s�A�q�~�s�A�q�~�s�A�q�~�s�A���R�s�A���R�s�A���R�s�A���R�s�A���R�s�A���R�s�A���R�s�A���R�s�A���R�s�A���R�s�A���R�s�A���R�s�A���R�s�A���R�s�A���R�s�A���R�s�A���R�s�A���R�s�A���R�s�A���R�s�A���R�s�A���R�s�A���R�s�A���R�s�A���R�s�A���R�s�A���R�s�A���R�s�A���R�s�A���R�s�A���R�s�A���R�s�A���R�s�A���R�s�A���R�s�A���R�s�A���R�s�A���R�s�A���R�s�A���R�s�A���R�s�A���R�s�A���R�s�A���R�s�A���R�s�A���R�s�A���R�s�A���R�s�A���R�s�A���R�s�A���R�s�A���R�s�A���R�s�A���R�s�A���R�s�A���R�s�A���R�s�A���R�s�A���R�s�A���R�s�A���R�s�A���R�s�A���R�s�A���R�s�A���R�s�A���R�s�A���R�s�A���R�s�A���R�s�A���R�s�A���R�s�A���R�s�A���R�s�A���R�s�A���R�s�A���R�s�A���R�s�A���R�s�A���R�s�A���R�s�A���R�s�A���R�s�A���R�s�A���R�s�A���R�s�A���R�s�A���R�s�A���R�s�A���R�s�A���R�s
",2021/5/16,��,171
330001,���R��,�^��s�A�ÎR�s�A�^��s�A�������A�g���������A���Ўs�A�ʖ�s�A���O�s�A���Ўs�A���Ўs�A�ʖ�s�A�^��s�A�^��s�A�^��s�A�^��s�A�^��s�A�^��s�A���Ўs�A���Ўs�A���Ўs�A���Ўs�A���Ўs�A���Ўs�A�ʖ�s�A���Ўs�A���Ўs�A�}���s�A�䌴�s�A�ÎR�s�A�ÎR�s�A�ÎR�s�A���Ўs�A�q�~�s�A�q�~�s�A�q�~�s�A�q�~�s�A�q�~�s�A�q�~�s�A�q�~�s�A�q�~�s�A�q�~�s�A�q�~�s�A�q�~�s�A�q�~�s�A�q�~�s�A�q�~�s�A�q�~�s�A�q�~�s�A�q�~�s�A���R�s�A���R�s�A���R�s�A���R�s�A���R�s�A���R�s�A���R�s�A���R�s�A���R�s�A���R�s�A���R�s�A���R�s�A���R�s�A���R�s�A���R�s�A���R�s�A���R�s�A���R�s�A���R�s�A���R�s�A���R�s�A���R�s�A���R�s�A���R�s�A���R�s�A���R�s�A���R�s�A���R�s�A���R�s�A���R�s�A���R�s�A���R�s�A���R�s�A���R�s�A���R�s�A���R�s�A���R�s�A���R�s�A���R�s�A���R�s�A���R�s�A���R�s�A���R�s�A���R�s�A���R�s�A���R�s�A���R�s�A���R�s�A���R�s�A���R�s�A���R�s�A���R�s�A���R�s�A���R�s�A���R�s�A���R�s�A���R�s�A���R�s�A���R�s,2021/5/17,��,108
330001,���R��,����s�A�������A�^��s�A�������A�������A�䌴�s�A���O�s�A�V���s�A�V���s�A�����s�A�ÎR�s�A�䌴�s�A���쒬�A���O�s�A�Ԕ֎s�A���Ўs�A���Ўs�A���Ўs�A�g���������A���Ўs�A���Ўs�A���Ўs�A�ʖ�s�A�Ԕ֎s�A�q�~�s�A�q�~�s�A�q�~�s�A�q�~�s�A�q�~�s�A�q�~�s�A�q�~�s�A�q�~�s�A�q�~�s�A�q�~�s�A�q�~�s�A�q�~�s�A�q�~�s�A�q�~�s�A�q�~�s�A�q�~�s�A�q�~�s�A�q�~�s�A�q�~�s�A�q�~�s�A�q�~�s�A�q�~�s�A�q�~�s�A�q�~�s�A�q�~�s�A���R�s�A���R�s�A���R�s�A���R�s�A���R�s�A���R�s�A���R�s�A���R�s�A���R�s�A���R�s�A���R�s�A���R�s�A���R�s�A���R�s�A���R�s�A���R�s�A���R�s�A���R�s�A���R�s�A���R�s�A���R�s�A���R�s�A���R�s�A���R�s�A���R�s�A���R�s�A���R�s�A���R�s�A���R�s�A���R�s�A���R�s�A���R�s�A���R�s�A���R�s�A���R�s�A���R�s�A���R�s�A���R�s�A���R�s�A���R�s�A���R�s�A���R�s�A���R�s�A���R�s�A���R�s�A���R�s�A���R�s�A���R�s�A���R�s�A���R�s�A���R�s�A���R�s�A���R�s�A���R�s�A���R�s�A���R�s�A���R�s�A���R�s�A���R�s�A���R�s�A���R�s�A���R�s�A���R�s�A���R�s�A���R�s�A���R�s�A���R�s�A���R�s�A���R�s�A���R�s�A���R�s�A���R�s�A���R�s�A���R�s�A���R�s�A���R�s�A���R�s�A���R�s�A���R�s�A���R�s�A���R�s,2021/5/18,��,130
330001,���R��,�����s�A�}���s�A�Ԕ֎s�A���Ўs�A�ÎR�s�A�ʖ�s�A���Ўs�A�ʖ�s�A���Ўs�A���Ўs�A�������A�V���s�A���Ўs�A���˓��s�A�ÎR�s�A�ÎR�s�A���쒬�A�����s�A�����s�A���Ўs�A�ʖ�s�A�^��s�A���˓��s�A�����s�A�q�~�s�A�q�~�s�A�q�~�s�A�q�~�s�A�q�~�s�A�q�~�s�A�q�~�s�A�q�~�s�A�q�~�s�A�q�~�s�A�q�~�s�A�q�~�s�A�q�~�s�A�q�~�s�A�q�~�s�A�q�~�s�A�q�~�s�A�q�~�s�A�q�~�s�A�q�~�s�A�q�~�s�A�q�~�s�A�q�~�s�A�q�~�s�A�q�~�s�A�q�~�s�A�q�~�s�A�q�~�s�A�q�~�s�A�q�~�s�A�q�~�s�A�q�~�s�A�q�~�s�A�q�~�s�A�q�~�s�A�q�~�s�A�q�~�s�A���R�s�A���R�s�A���R�s�A���R�s�A���R�s�A���R�s�A���R�s�A���R�s�A���R�s�A���R�s�A���R�s�A���R�s�A���R�s�A���R�s�A���R�s�A���R�s�A���R�s�A���R�s�A���R�s�A���R�s�A���R�s�A���R�s�A���R�s�A���R�s�A���R�s�A���R�s�A���R�s�A���R�s�A���R�s�A���R�s�A���R�s�A���R�s�A���R�s�A���R�s�A���R�s�A���R�s�A���R�s�A���R�s�A���R�s�A���R�s�A���R�s�A���R�s�A���R�s�A���R�s�A���R�s�A���R�s�A���R�s�A���R�s�A���R�s�A���R�s�A���R�s�A���R�s�A���R�s�A���R�s�A���R�s�A���R�s�A���R�s�A���R�s�A���R�s�A���R�s�A���R�s�A���R�s�A���R�s�A���R�s�A���R�s�A���R�s�A���R�s�A���R�s�A���R�s�A���R�s�A���R�s�A���R�s�A���O,2021/5/19,��,134
330001,���R��,�Ԕ֎s�A�Ԕ֎s�A�������A���Ўs�A���Ўs�A�^��s�A�����s�A���Ўs�A�ʖ�s�A�}���s�A�Ԕ֎s�A�Ԕ֎s�A��|���A���Ўs�A���Ўs�A���Ўs�A���Ўs�A���Ўs�A���Ўs�A���Ўs�A�������A�q�~�s�A�q�~�s�A�q�~�s�A�q�~�s�A�q�~�s�A�q�~�s�A�q�~�s�A�q�~�s�A�q�~�s�A�q�~�s�A�q�~�s�A�q�~�s�A�q�~�s�A�q�~�s�A�q�~�s�A�q�~�s�A�q�~�s�A�q�~�s�A�q�~�s�A�q�~�s�A�q�~�s�A�q�~�s�A�q�~�s�A�q�~�s�A�q�~�s�A�q�~�s�A�q�~�s�A�q�~�s�A�q�~�s�A�q�~�s�A�q�~�s�A�q�~�s�A�q�~�s�A�q�~�s�A�q�~�s�A���R�s�A���R�s�A���R�s�A���R�s�A���R�s�A���R�s�A���R�s�A���R�s�A���R�s�A���R�s�A���R�s�A���R�s�A���R�s�A���R�s�A���R�s�A���R�s�A���R�s�A���R�s�A���R�s�A���R�s�A���R�s�A���R�s�A���R�s�A���R�s�A���R�s�A���R�s�A���R�s�A���R�s�A���R�s�A���R�s�A���R�s�A���R�s�A���R�s�A���R�s�A���R�s�A���R�s�A���R�s�A���R�s�A���R�s�A���R�s�A���R�s�A���R�s�A���R�s�A���R�s�A���R�s�A���R�s�A���R�s�A���R�s�A���R�s�A���R�s�A���R�s�A���R�s�A���R�s�A���R�s�A���R�s�A���R�s�A���R�s�A���R�s�A���R�s�A���R�s�A���R�s�A���R�s�A���R�s�A���R�s�A���R�s�A���R�s�A���R�s,2021/5/20,��,123
330001,���R��,�a�C���A�g���������A�����s�A�V���s�A�V���s�A�ʖ�s�A�^��s�A�ʖ�s�A�ʖ�s�A���Ўs�A���Ўs�A���Ўs�A���Ўs�A�^��s�A�ÎR�s�A�ÎR�s�A�ÎR�s�A�ÎR�s�A�ÎR�s�A�ÎR�s�A�q�~�s�A�q�~�s�A�q�~�s�A�q�~�s�A�q�~�s�A�q�~�s�A�q�~�s�A�q�~�s�A�q�~�s�A�q�~�s�A�q�~�s�A�q�~�s�A�q�~�s�A�q�~�s�A�q�~�s�A�q�~�s�A�q�~�s�A�q�~�s�A�q�~�s�A�q�~�s�A�q�~�s�A�q�~�s�A�q�~�s�A�q�~�s�A�q�~�s�A�q�~�s�A�q�~�s�A�q�~�s�A�q�~�s�A�q�~�s�A�q�~�s�A�q�~�s�A�q�~�s�A���O�A���R�s�A���R�s�A���R�s�A���R�s�A���R�s�A���R�s�A���R�s�A���R�s�A���R�s�A���R�s�A���R�s�A���R�s�A���R�s�A���R�s�A���R�s�A���R�s�A���R�s�A���R�s�A���R�s�A���R�s�A���R�s�A���R�s�A���R�s�A���R�s�A���R�s�A���R�s�A���R�s�A���R�s�A���R�s�A���R�s�A���R�s�A���R�s�A���R�s�A���R�s�A���R�s�A���R�s�A���R�s�A���R�s�A���R�s�A���R�s�A���R�s�A���R�s�A���R�s�A���R�s�A���R�s�A���R�s�A���R�s�A���R�s�A���R�s�A���R�s�A���R�s�A���R�s�A���R�s�A���R�s�A���R�s�A���R�s�A���R�s,2021/5/21,��,111
330001,���R��,�䌴�s�A���O�s�A���Ўs�A���Ўs�A�ÎR�s�A�Ԕ֎s�A�������A�������A�ʖ�s�A�ʖ�s�A���O�s�A�}���s�A���Ўs�A���Ўs�A�Ԕ֎s�A�ÎR�s�A���Ўs�A���O�s�A���O�s�A�q�~�s�A�q�~�s�A�q�~�s�A�q�~�s�A�q�~�s�A�q�~�s�A�q�~�s�A�q�~�s�A�q�~�s�A�q�~�s�A�q�~�s�A�q�~�s�A�q�~�s�A�q�~�s�A�q�~�s�A�q�~�s�A�q�~�s�A�q�~�s�A�q�~�s�A�q�~�s�A���R�s�A���R�s�A���R�s�A���R�s�A���R�s�A���R�s�A���R�s�A���R�s�A���R�s�A���R�s�A���R�s�A���R�s�A���R�s�A���R�s�A���R�s�A���R�s�A���R�s�A���R�s�A���R�s�A���R�s�A���R�s�A���R�s�A���R�s�A���R�s�A���R�s�A���R�s�A���R�s�A���R�s�A���R�s�A���R�s�A���R�s�A���R�s�A���R�s�A���R�s�A���R�s�A���R�s�A���R�s�A���R�s�A���R�s�A���R�s�A���R�s�A���R�s�A���R�s�A���R�s�A���R�s�A���R�s�A���R�s�A���R�s�A���R�s�A���R�s�A���R�s�A���R�s�A���R�s�A���R�s�A���R�s�A���R�s�A���R�s�A���R�s�A���R�s�A���R�s�A���R�s�A���R�s�A���R�s�A���R�s�A���R�s�A���R�s,2021/5/22,�y,105
330001,���R��,�^��s�A���O�s�A�����s�A�ÎR�s�A�ÎR�s�A�䌴�s�A�ÎR�s�A�Ԕ֎s�A�a�C���A�����s�A�����s�A����s�A�V���s�A�ÎR�s�A�ÎR�s�A�ÎR�s�A�ÎR�s�A�ÎR�s�A�ÎR�s�A�Ԕ֎s�A�q�~�s�A�q�~�s�A�q�~�s�A�q�~�s�A�q�~�s�A�q�~�s�A�q�~�s�A�q�~�s�A�q�~�s�A�q�~�s�A�q�~�s�A�q�~�s�A�q�~�s�A�q�~�s�A�q�~�s�A�q�~�s�A�q�~�s�A�q�~�s�A�q�~�s�A�q�~�s�A�q�~�s�A�q�~�s�A���R�s�A���R�s�A���R�s�A���R�s�A���R�s�A���R�s�A���R�s�A���R�s�A���R�s�A���R�s�A���R�s�A���R�s�A���R�s�A���R�s�A���R�s�A���R�s�A���R�s�A���R�s�A���R�s�A���R�s�A���R�s�A���R�s�A���R�s�A���R�s�A���R�s�A���R�s�A���R�s�A���R�s�A���R�s�A���R�s�A���R�s�A���R�s�A���R�s�A���R�s�A���R�s�A���R�s�A���R�s�A���R�s�A���R�s�A���R�s�A���R�s,2021/5/23,��,83
330001,���R��,�}���s�A��|���A�g���������A�ÎR�s�A�����s�A�����s�A�ÎR�s�A�^��s�A�ÎR�s�A�^��s�A�����s�A���˓��s�A�ÎR�s�A�������A�ʖ�s�A�q�~�s�A�q�~�s�A�q�~�s�A�q�~�s�A�q�~�s�A�q�~�s�A�q�~�s�A�q�~�s�A�q�~�s�A�q�~�s�A�q�~�s�A���R�s�A���R�s�A���R�s�A���R�s�A���R�s�A���R�s�A���R�s�A���R�s�A���R�s�A���R�s�A���R�s�A���R�s�A���R�s�A���R�s�A���R�s,2021/5/24,��,41
330001,���R��,�������A�^��s�A�^��s�A�������A�ÎR�s�A�ÎR�s�A�ʖ�s�A���Ўs�A�}���s�A�ÎR�s�A���R�s�A���R�s�A���R�s�A���R�s�A���R�s�A���R�s�A���R�s�A���R�s�A���R�s�A���R�s�A���R�s�A���R�s�A���R�s�A���R�s�A���R�s�A���R�s�A���R�s�A���R�s�A���R�s�A���R�s�A���R�s�A���R�s�A���R�s�A���R�s�A���R�s�A���R�s�A���R�s�A���R�s�A�q�~�s�A�q�~�s�A�q�~�s�A�q�~�s�A�q�~�s�A�q�~�s�A�q�~�s�A�q�~�s�A�q�~�s�A�q�~�s�A�q�~�s�A�q�~�s�A�q�~�s�A�q�~�s�A�q�~�s�A�q�~�s�A�q�~�s�A�q�~�s�A�q�~�s�A�q�~�s,2021/5/25,��,58
330001,���R��,�}���s�A����s�A�}���s�A�ʖ�s�A���Ўs�A���˓��s�A�ÎR�s�A����s�A���쒬�A�ʖ�s�A�ʖ�s�A�q�~�s�A�q�~�s�A�q�~�s�A�q�~�s�A�q�~�s�A�q�~�s�A�q�~�s�A�q�~�s�A�q�~�s�A�q�~�s�A�q�~�s�A�q�~�s�A�q�~�s�A�q�~�s�A�q�~�s�A�q�~�s�A�q�~�s�A�q�~�s�A�q�~�s�A�q�~�s�A�q�~�s�A�q�~�s�A�q�~�s�A�q�~�s�A�q�~�s�A�q�~�s�A�q�~�s�A�q�~�s�A�q�~�s�A���R�s�A���R�s�A���R�s�A���R�s�A���R�s�A���R�s�A���R�s�A���R�s�A���R�s�A���R�s�A���R�s�A���R�s�A���R�s�A���R�s�A���R�s�A���R�s�A���R�s�A���R�s�A���R�s�A���R�s�A���R�s�A���R�s�A���R�s�A���R�s�A���R�s�A���R�s�A���R�s�A���R�s�A���R�s�A���R�s�A���R�s�A���R�s�A���R�s�A���R�s�A���R�s�A���R�s�A���R�s�A���R�s�A���R�s�A���R�s�A�����i���R�s�ȊO�j�A���O,2021/5/26,��,82
330001,���R��,�ÎR�s�A�䌴�s�A�ʖ�s�A�ʖ�s�A���O�s�A����s�A����s�A�ÎR�s�A�L�����A�������A���璬�A�ÎR�s�A�q�~�s�A�q�~�s�A�q�~�s�A�q�~�s�A�q�~�s�A�q�~�s�A�q�~�s�A�q�~�s�A�q�~�s�A�q�~�s�A�q�~�s�A�q�~�s�A�q�~�s�A�q�~�s�A���R�s�A���R�s�A���R�s�A���R�s�A���R�s�A���R�s�A���R�s�A���R�s�A���R�s�A���R�s�A���R�s�A���R�s�A���R�s�A���R�s�A���R�s�A���R�s�A���R�s�A���R�s�A���R�s�A���R�s�A���R�s�A���R�s�A���R�s�A���R�s�A���R�s�A���R�s�A���R�s�A���R�s�A���R�s�A���R�s�A���R�s�A���R�s�A���R�s�A���R�s�A���R�s�A���R�s�A���R�s�A���R�s�A���R�s�A���R�s�A���R�s�A���R�s�A���R�s�A���R�s�A���R�s�A���R�s�A���R�s�A���R�s,2021/5/27,��,74
330001,���R��,���Ўs�A���Ўs�A�ÎR�s�A�ʖ�s�A�}���s�A����s�A����s�A�����s�A���쒬�A�ʖ�s�A�䌴�s�A���Ўs�A�q�~�s�A�q�~�s�A�q�~�s�A�q�~�s�A�q�~�s�A�q�~�s�A�q�~�s�A�q�~�s�A�q�~�s�A�q�~�s�A�q�~�s�A�q�~�s�A�q�~�s�A�q�~�s�A�q�~�s�A�q�~�s�A�q�~�s�A���R�s�A���R�s�A���R�s�A���R�s�A���R�s�A���R�s�A���R�s�A���R�s�A���R�s�A���R�s�A���R�s�A���R�s�A���R�s�A���R�s�A���R�s�A���R�s�A���R�s�A���R�s�A���R�s�A���R�s�A���R�s�A���R�s�A���R�s�A���R�s�A���R�s�A���R�s�A���R�s�A���R�s�A���R�s�A���R�s,2021/5/28,��,59
330001,���R��,�����s�A��|���A�����s�A�����s�A�����s�A�Ԕ֎s�A�ʖ�s�A�ʖ�s�A�q�~�s�A�q�~�s�A�q�~�s�A�q�~�s�A�q�~�s�A�q�~�s�A�q�~�s�A�q�~�s�A�q�~�s�A�q�~�s�A���R�s�A���R�s�A���R�s�A���R�s�A���R�s�A���R�s�A���R�s�A���R�s�A���R�s�A���R�s�A���R�s�A���R�s�A���R�s�A���R�s�A���R�s�A���R�s�A���R�s�A���R�s�A���R�s�A���R�s�A���R�s�A���R�s�A���R�s�A���R�s�A���R�s�A���R�s�A���R�s�A���R�s�A���R�s�A���R�s,2021/5/29,�y,48
330001,���R��,�^��s�A�ʖ�s�A�������A�ʖ�s�A����s�A����s�A���R�s�A���R�s�A���R�s�A���R�s�A���R�s�A���R�s�A���R�s�A���R�s�A���R�s�A���R�s�A���R�s�A���R�s�A�q�~�s�A�q�~�s�A�q�~�s�A�q�~�s�A�q�~�s�A�q�~�s�A�q�~�s�A�q�~�s�A�q�~�s,2021/5/30,��,27
330001,���R��,�ʖ�s�A�ʖ�s�A�q�~�s�A�q�~�s�A�q�~�s�A�q�~�s�A�q�~�s�A�q�~�s�A���R�s�A���R�s�A���R�s�A���R�s�A���R�s�A���R�s�A���R�s�A���R�s�A���R�s�A���R�s�A���R�s�A���R�s�A���R�s,2021/5/31,��,21
330001,���R��,�ʖ�s�A�ʖ�s�A�ʖ�s�A����s�A����s�A�q�~�s�A�q�~�s�A�q�~�s�A�q�~�s�A�q�~�s�A���R�s�A���R�s�A���R�s�A���R�s�A���R�s�A���R�s�A���R�s�A���R�s�A���O�A���O,2021/6/1,��,20
330001,���R��,�q�~�s�A�q�~�s�A�q�~�s�A�q�~�s�A�q�~�s�A�q�~�s�A�q�~�s�A�q�~�s�A�q�~�s�A�q�~�s�A�q�~�s�A�q�~�s�A�q�~�s�A�q�~�s�A�q�~�s�A�q�~�s�A�q�~�s�A�q�~�s�A�q�~�s�A�q�~�s�A�q�~�s�A�q�~�s�A�q�~�s�A���R�s�A���R�s�A���R�s�A���R�s�A���R�s�A���R�s�A���R�s�A���R�s�A���R�s�A���R�s�A���R�s�A���R�s�A���R�s�A���O,2021/6/2,��,37
330001,���R��,���Ўs�A�ʖ�s�A�ʖ�s�A�ʖ�s�A����s�A�}���s�A���Ўs�A�q�~�s�A�q�~�s�A�q�~�s�A�q�~�s�A�q�~�s�A�q�~�s�A�q�~�s�A�q�~�s�A�q�~�s�A�q�~�s�A���R�s�A���R�s�A���R�s�A���R�s�A���R�s�A���R�s�A���R�s�A���R�s�A���R�s�A���R�s�A���R�s�A���R�s�A���R�s�A���R�s,2021/6/3,��,31
330001,���R��,�������A����s�A����s�A���Ўs�A�ʖ�s�A�Ԕ֎s�A�q�~�s�A�q�~�s�A�q�~�s�A���R�s�A���R�s�A���R�s�A���R�s�A���R�s�A���R�s�A���R�s,2021/6/4,��,16
330001,���R��,�}���s�A�q�~�s�A�q�~�s�A�q�~�s�A�q�~�s�A�q�~�s�A�q�~�s�A�q�~�s�A���R�s�A���R�s�A���R�s�A���R�s�A���R�s�A���R�s�A���R�s�A���R�s�A���R�s�A���R�s�A���R�s�A���R�s,2021/6/5,�y,20
330001,���R��,�ʖ�s�A���Ўs�A�q�~�s�A�q�~�s�A�q�~�s�A�q�~�s�A�q�~�s�A�q�~�s�A���R�s�A���R�s�A���R�s�A���R�s,2021/6/6,��,12
330001,���R��,�q�~�s�A�q�~�s�A�q�~�s�A�q�~�s�A�q�~�s�A���R�s�A���R�s�A���R�s�A���R�s�A���R�s�A���R�s�A���R�s,2021/6/7,��,12
330001,���R��,�q�~�s�A�q�~�s�A�q�~�s�A�q�~�s�A�q�~�s�A�q�~�s�A���R�s�A���R�s,2021/6/8,��,8
330001,���R��,���˓��s�A����s�A�ʖ�s�A�q�~�s�A�q�~�s�A�q�~�s�A���R�s�A�����i���R�s�ȊO�j�A���R�s�A���R�s�A���R�s�A���R�s�A���R�s,2021/6/9,��,13
330001,���R��,�^��s�A�V���s�A�ʖ�s�A����s�A�q�~�s�A�q�~�s�A�q�~�s�A���R�s�A���R�s�A���R�s�A���R�s�A���R�s,2021/6/10,��,12
330001,���R��,�}���s�A�}���s�A�}���s�A�V���s�A�ÎR�s�A���˓��s�A�q�~�s�A�q�~�s�A�q�~�s�A�q�~�s�A���R�s�A���R�s,2021/6/11,��,12
330001,���R��,�}���s�A���˓��s�A���˓��s�A���˓��s�A���˓��s�A���˓��s�A�q�~�s�A���R�s�A���R�s�A���R�s�A���R�s,2021/6/12,�y,11
330001,���R��,�}���s�A����s�A���˓��s�A���˓��s�A�q�~�s�A���R�s,2021/6/13,��,6
330001,���R��,�q�~�s,2021/6/14,��,1
330001,���R��,�������A�ÎR�s�A�ÎR�s�A�q�~�s�A�q�~�s,2021/6/15,��,5
330001,���R��,�������A�q�~�s�A�q�~�s�A�q�~�s�A�q�~�s�A���R�s�A���R�s�A�����i���R�s�ȊO�j,2021/6/16,��,8
330001,���R��,�������A�������A�q�~�s�A�q�~�s,2021/6/17,��,4
330001,���R��,�ʖ�s�A�ʖ�s�A�q�~�s,2021/6/18,��,3
330001,���R��,�ʖ�s�A�ʖ�s�A�ʖ�s�A�q�~�s�A���R�s�A���R�s,2021/6/19,�y,6
330001,���R��,�Ԕ֎s�A���R�s,2021/6/20,��,2
330001,���R��,�Ԕ֎s,2021/6/21,��,1
330001,���R��,���R�s,2021/6/22,��,1
330001,���R��,���R�s,2021/6/23,��,1
330001,���R��,�q�~�s�A���R�s,2021/6/24,��,2
330001,���R��,,2021/6/25,��,0
330001,���R��,�g���������A�q�~�s�A���R�s,2021/6/26,�y,3
330001,���R��,�q�~�s,2021/6/27,��,1
330001,���R��,,2021/6/28,��,0
330001,���R��,,2021/6/29,��,0
330001,���R��,�������A�Ԕ֎s,2021/6/30,��,2
330001,���R��,�䌴�s,2021/7/1,��,1
330001,���R��,�䌴�s�A��|���A���R�s�A���R�s,2021/7/2,��,4
330001,���R��,,2021/7/3,�y,0
330001,���R��,�䌴�s,2021/7/4,��,1
